2026-02-05T01:09:03.755Z DEBUG 35576 --- [auth-service] [http-nio-8081-exec-2] o.s.security.web.FilterChainProxy        : Securing GET /
2026-02-05T01:09:03.763Z DEBUG 35576 --- [auth-service] [http-nio-8081-exec-2] o.s.s.w.a.AnonymousAuthenticationFilter  : Set SecurityContextHolder to anonymous SecurityContext
2026-02-05T01:09:03.764Z DEBUG 35576 --- [auth-service] [http-nio-8081-exec-2] o.s.security.web.FilterChainProxy        : Secured GET /
2026-02-05T01:09:03.768Z ERROR 35576 --- [auth-service] [http-nio-8081-exec-2] c.a.a.exception.GlobalExceptionHandler   : Erro inesperado: No static resource .

org.springframework.web.servlet.resource.NoResourceFoundException: No static resource .
	at org.springframework.web.servlet.resource.ResourceHttpRequestHandler.handleRequest(ResourceHttpRequestHandler.java:585) ~[spring-webmvc-6.2.12.jar:6.2.12]
	at org.springframework.web.servlet.mvc.HttpRequestHandlerAdapter.handle(HttpRequestHandlerAdapter.java:52) ~[spring-webmvc-6.2.12.jar:6.2.12]
	at org.springframework.web.servlet.DispatcherServlet.doDispatch(DispatcherServlet.java:1089) ~[spring-webmvc-6.2.12.jar:6.2.12]
	at org.springframework.web.servlet.DispatcherServlet.doService(DispatcherServlet.java:979) ~[spring-webmvc-6.2.12.jar:6.2.12]
	at org.springframework.web.servlet.FrameworkServlet.processRequest(FrameworkServlet.java:1014) ~[spring-webmvc-6.2.12.jar:6.2.12]
	at org.springframework.web.servlet.FrameworkServlet.doGet(FrameworkServlet.java:903) ~[spring-webmvc-6.2.12.jar:6.2.12]
	at jakarta.servlet.http.HttpServlet.service(HttpServlet.java:564) ~[tomcat-embed-core-10.1.48.jar:6.0]
	at org.springframework.web.servlet.FrameworkServlet.service(FrameworkServlet.java:885) ~[spring-webmvc-6.2.12.jar:6.2.12]
	at jakarta.servlet.http.HttpServlet.service(HttpServlet.java:658) ~[tomcat-embed-core-10.1.48.jar:6.0]
	at org.apache.catalina.core.ApplicationFilterChain.internalDoFilter(ApplicationFilterChain.java:193) ~[tomcat-embed-core-10.1.48.jar:10.1.48]
	at org.apache.catalina.core.ApplicationFilterChain.doFilter(ApplicationFilterChain.java:138) ~[tomcat-embed-core-10.1.48.jar:10.1.48]
	at org.apache.tomcat.websocket.server.WsFilter.doFilter(WsFilter.java:51) ~[tomcat-embed-websocket-10.1.48.jar:10.1.48]
	at org.apache.catalina.core.ApplicationFilterChain.internalDoFilter(ApplicationFilterChain.java:162) ~[tomcat-embed-core-10.1.48.jar:10.1.48]
	at org.apache.catalina.core.ApplicationFilterChain.doFilter(ApplicationFilterChain.java:138) ~[tomcat-embed-core-10.1.48.jar:10.1.48]
	at org.springframework.web.filter.CompositeFilter$VirtualFilterChain.doFilter(CompositeFilter.java:108) ~[spring-web-6.2.12.jar:6.2.12]
	at org.springframework.web.filter.CompositeFilter$VirtualFilterChain.doFilter(CompositeFilter.java:108) ~[spring-web-6.2.12.jar:6.2.12]
	at org.springframework.security.web.FilterChainProxy.lambda$doFilterInternal$3(FilterChainProxy.java:231) ~[spring-security-web-6.5.6.jar:6.5.6]
	at org.springframework.security.web.ObservationFilterChainDecorator$FilterObservation$SimpleFilterObservation.lambda$wrap$1(ObservationFilterChainDecorator.java:490) ~[spring-security-web-6.5.6.jar:6.5.6]
	at org.springframework.security.web.ObservationFilterChainDecorator$AroundFilterObservation$SimpleAroundFilterObservation.lambda$wrap$1(ObservationFilterChainDecorator.java:351) ~[spring-security-web-6.5.6.jar:6.5.6]
	at org.springframework.security.web.ObservationFilterChainDecorator.lambda$wrapSecured$0(ObservationFilterChainDecorator.java:83) ~[spring-security-web-6.5.6.jar:6.5.6]
	at org.springframework.security.web.ObservationFilterChainDecorator$VirtualFilterChain.doFilter(ObservationFilterChainDecorator.java:129) ~[spring-security-web-6.5.6.jar:6.5.6]
	at org.springframework.security.web.access.intercept.AuthorizationFilter.doFilter(AuthorizationFilter.java:101) ~[spring-security-web-6.5.6.jar:6.5.6]
	at org.springframework.security.web.ObservationFilterChainDecorator$ObservationFilter.wrapFilter(ObservationFilterChainDecorator.java:241) ~[spring-security-web-6.5.6.jar:6.5.6]
	at org.springframework.security.web.ObservationFilterChainDecorator$ObservationFilter.doFilter(ObservationFilterChainDecorator.java:228) ~[spring-security-web-6.5.6.jar:6.5.6]
	at org.springframework.security.web.ObservationFilterChainDecorator$VirtualFilterChain.doFilter(ObservationFilterChainDecorator.java:138) ~[spring-security-web-6.5.6.jar:6.5.6]
	at org.springframework.security.web.access.ExceptionTranslationFilter.doFilter(ExceptionTranslationFilter.java:125) ~[spring-security-web-6.5.6.jar:6.5.6]
	at org.springframework.security.web.access.ExceptionTranslationFilter.doFilter(ExceptionTranslationFilter.java:119) ~[spring-security-web-6.5.6.jar:6.5.6]
	at org.springframework.security.web.ObservationFilterChainDecorator$ObservationFilter.wrapFilter(ObservationFilterChainDecorator.java:241) ~[spring-security-web-6.5.6.jar:6.5.6]
	at org.springframework.security.web.ObservationFilterChainDecorator$ObservationFilter.doFilter(ObservationFilterChainDecorator.java:228) ~[spring-security-web-6.5.6.jar:6.5.6]
	at org.springframework.security.web.ObservationFilterChainDecorator$VirtualFilterChain.doFilter(ObservationFilterChainDecorator.java:138) ~[spring-security-web-6.5.6.jar:6.5.6]
	at org.springframework.security.web.session.SessionManagementFilter.doFilter(SessionManagementFilter.java:131) ~[spring-security-web-6.5.6.jar:6.5.6]
	at org.springframework.security.web.session.SessionManagementFilter.doFilter(SessionManagementFilter.java:85) ~[spring-security-web-6.5.6.jar:6.5.6]
	at org.springframework.security.web.ObservationFilterChainDecorator$ObservationFilter.wrapFilter(ObservationFilterChainDecorator.java:241) ~[spring-security-web-6.5.6.jar:6.5.6]
	at org.springframework.security.web.ObservationFilterChainDecorator$ObservationFilter.doFilter(ObservationFilterChainDecorator.java:228) ~[spring-security-web-6.5.6.jar:6.5.6]
	at org.springframework.security.web.ObservationFilterChainDecorator$VirtualFilterChain.doFilter(ObservationFilterChainDecorator.java:138) ~[spring-security-web-6.5.6.jar:6.5.6]
	at org.springframework.security.web.authentication.AnonymousAuthenticationFilter.doFilter(AnonymousAuthenticationFilter.java:100) ~[spring-security-web-6.5.6.jar:6.5.6]
	at org.springframework.security.web.ObservationFilterChainDecorator$ObservationFilter.wrapFilter(ObservationFilterChainDecorator.java:241) ~[spring-security-web-6.5.6.jar:6.5.6]
	at org.springframework.security.web.ObservationFilterChainDecorator$ObservationFilter.doFilter(ObservationFilterChainDecorator.java:228) ~[spring-security-web-6.5.6.jar:6.5.6]
	at org.springframework.security.web.ObservationFilterChainDecorator$VirtualFilterChain.doFilter(ObservationFilterChainDecorator.java:138) ~[spring-security-web-6.5.6.jar:6.5.6]
	at org.springframework.security.web.servletapi.SecurityContextHolderAwareRequestFilter.doFilter(SecurityContextHolderAwareRequestFilter.java:179) ~[spring-security-web-6.5.6.jar:6.5.6]
	at org.springframework.security.web.ObservationFilterChainDecorator$ObservationFilter.wrapFilter(ObservationFilterChainDecorator.java:241) ~[spring-security-web-6.5.6.jar:6.5.6]
	at org.springframework.security.web.ObservationFilterChainDecorator$ObservationFilter.doFilter(ObservationFilterChainDecorator.java:228) ~[spring-security-web-6.5.6.jar:6.5.6]
	at org.springframework.security.web.ObservationFilterChainDecorator$VirtualFilterChain.doFilter(ObservationFilterChainDecorator.java:138) ~[spring-security-web-6.5.6.jar:6.5.6]
	at org.springframework.security.web.savedrequest.RequestCacheAwareFilter.doFilter(RequestCacheAwareFilter.java:63) ~[spring-security-web-6.5.6.jar:6.5.6]
	at org.springframework.security.web.ObservationFilterChainDecorator$ObservationFilter.wrapFilter(ObservationFilterChainDecorator.java:241) ~[spring-security-web-6.5.6.jar:6.5.6]
	at org.springframework.security.web.ObservationFilterChainDecorator$ObservationFilter.doFilter(ObservationFilterChainDecorator.java:228) ~[spring-security-web-6.5.6.jar:6.5.6]
	at org.springframework.security.web.ObservationFilterChainDecorator$VirtualFilterChain.doFilter(ObservationFilterChainDecorator.java:138) ~[spring-security-web-6.5.6.jar:6.5.6]
	at org.springframework.security.web.authentication.logout.LogoutFilter.doFilter(LogoutFilter.java:107) ~[spring-security-web-6.5.6.jar:6.5.6]
	at org.springframework.security.web.authentication.logout.LogoutFilter.doFilter(LogoutFilter.java:93) ~[spring-security-web-6.5.6.jar:6.5.6]
	at org.springframework.security.web.ObservationFilterChainDecorator$ObservationFilter.wrapFilter(ObservationFilterChainDecorator.java:241) ~[spring-security-web-6.5.6.jar:6.5.6]
	at org.springframework.security.web.ObservationFilterChainDecorator$ObservationFilter.doFilter(ObservationFilterChainDecorator.java:228) ~[spring-security-web-6.5.6.jar:6.5.6]
	at org.springframework.security.web.ObservationFilterChainDecorator$VirtualFilterChain.doFilter(ObservationFilterChainDecorator.java:138) ~[spring-security-web-6.5.6.jar:6.5.6]
	at org.springframework.web.filter.CorsFilter.doFilterInternal(CorsFilter.java:91) ~[spring-web-6.2.12.jar:6.2.12]
	at org.springframework.web.filter.OncePerRequestFilter.doFilter(OncePerRequestFilter.java:116) ~[spring-web-6.2.12.jar:6.2.12]
	at org.springframework.security.web.ObservationFilterChainDecorator$ObservationFilter.wrapFilter(ObservationFilterChainDecorator.java:241) ~[spring-security-web-6.5.6.jar:6.5.6]
	at org.springframework.security.web.ObservationFilterChainDecorator$ObservationFilter.doFilter(ObservationFilterChainDecorator.java:228) ~[spring-security-web-6.5.6.jar:6.5.6]
	at org.springframework.security.web.ObservationFilterChainDecorator$VirtualFilterChain.doFilter(ObservationFilterChainDecorator.java:138) ~[spring-security-web-6.5.6.jar:6.5.6]
	at org.springframework.security.web.header.HeaderWriterFilter.doHeadersAfter(HeaderWriterFilter.java:90) ~[spring-security-web-6.5.6.jar:6.5.6]
	at org.springframework.security.web.header.HeaderWriterFilter.doFilterInternal(HeaderWriterFilter.java:75) ~[spring-security-web-6.5.6.jar:6.5.6]
	at org.springframework.web.filter.OncePerRequestFilter.doFilter(OncePerRequestFilter.java:116) ~[spring-web-6.2.12.jar:6.2.12]
	at org.springframework.security.web.ObservationFilterChainDecorator$ObservationFilter.wrapFilter(ObservationFilterChainDecorator.java:241) ~[spring-security-web-6.5.6.jar:6.5.6]
	at org.springframework.security.web.ObservationFilterChainDecorator$ObservationFilter.doFilter(ObservationFilterChainDecorator.java:228) ~[spring-security-web-6.5.6.jar:6.5.6]
	at org.springframework.security.web.ObservationFilterChainDecorator$VirtualFilterChain.doFilter(ObservationFilterChainDecorator.java:138) ~[spring-security-web-6.5.6.jar:6.5.6]
	at org.springframework.security.web.context.SecurityContextHolderFilter.doFilter(SecurityContextHolderFilter.java:82) ~[spring-security-web-6.5.6.jar:6.5.6]
	at org.springframework.security.web.context.SecurityContextHolderFilter.doFilter(SecurityContextHolderFilter.java:69) ~[spring-security-web-6.5.6.jar:6.5.6]
	at org.springframework.security.web.ObservationFilterChainDecorator$ObservationFilter.wrapFilter(ObservationFilterChainDecorator.java:241) ~[spring-security-web-6.5.6.jar:6.5.6]
	at org.springframework.security.web.ObservationFilterChainDecorator$ObservationFilter.doFilter(ObservationFilterChainDecorator.java:228) ~[spring-security-web-6.5.6.jar:6.5.6]
	at org.springframework.security.web.ObservationFilterChainDecorator$VirtualFilterChain.doFilter(ObservationFilterChainDecorator.java:138) ~[spring-security-web-6.5.6.jar:6.5.6]
	at org.springframework.security.web.context.request.async.WebAsyncManagerIntegrationFilter.doFilterInternal(WebAsyncManagerIntegrationFilter.java:62) ~[spring-security-web-6.5.6.jar:6.5.6]
	at org.springframework.web.filter.OncePerRequestFilter.doFilter(OncePerRequestFilter.java:116) ~[spring-web-6.2.12.jar:6.2.12]
	at org.springframework.security.web.ObservationFilterChainDecorator$ObservationFilter.wrapFilter(ObservationFilterChainDecorator.java:241) ~[spring-security-web-6.5.6.jar:6.5.6]
	at org.springframework.security.web.ObservationFilterChainDecorator$ObservationFilter.doFilter(ObservationFilterChainDecorator.java:228) ~[spring-security-web-6.5.6.jar:6.5.6]
	at org.springframework.security.web.ObservationFilterChainDecorator$VirtualFilterChain.doFilter(ObservationFilterChainDecorator.java:138) ~[spring-security-web-6.5.6.jar:6.5.6]
	at org.springframework.security.web.session.DisableEncodeUrlFilter.doFilterInternal(DisableEncodeUrlFilter.java:42) ~[spring-security-web-6.5.6.jar:6.5.6]
	at org.springframework.web.filter.OncePerRequestFilter.doFilter(OncePerRequestFilter.java:116) ~[spring-web-6.2.12.jar:6.2.12]
	at org.springframework.security.web.ObservationFilterChainDecorator$ObservationFilter.wrapFilter(ObservationFilterChainDecorator.java:241) ~[spring-security-web-6.5.6.jar:6.5.6]
	at org.springframework.security.web.ObservationFilterChainDecorator$AroundFilterObservation$SimpleAroundFilterObservation.lambda$wrap$0(ObservationFilterChainDecorator.java:334) ~[spring-security-web-6.5.6.jar:6.5.6]
	at org.springframework.security.web.ObservationFilterChainDecorator$ObservationFilter.doFilter(ObservationFilterChainDecorator.java:225) ~[spring-security-web-6.5.6.jar:6.5.6]
	at org.springframework.security.web.ObservationFilterChainDecorator$VirtualFilterChain.doFilter(ObservationFilterChainDecorator.java:138) ~[spring-security-web-6.5.6.jar:6.5.6]
	at org.springframework.security.web.FilterChainProxy.doFilterInternal(FilterChainProxy.java:233) ~[spring-security-web-6.5.6.jar:6.5.6]
	at org.springframework.security.web.FilterChainProxy.doFilter(FilterChainProxy.java:191) ~[spring-security-web-6.5.6.jar:6.5.6]
	at org.springframework.web.filter.CompositeFilter$VirtualFilterChain.doFilter(CompositeFilter.java:113) ~[spring-web-6.2.12.jar:6.2.12]
	at org.springframework.web.filter.ServletRequestPathFilter.doFilter(ServletRequestPathFilter.java:52) ~[spring-web-6.2.12.jar:6.2.12]
	at org.springframework.web.filter.CompositeFilter$VirtualFilterChain.doFilter(CompositeFilter.java:113) ~[spring-web-6.2.12.jar:6.2.12]
	at org.springframework.web.filter.CompositeFilter.doFilter(CompositeFilter.java:74) ~[spring-web-6.2.12.jar:6.2.12]
	at org.springframework.security.config.annotation.web.configuration.WebSecurityConfiguration$CompositeFilterChainProxy.doFilter(WebSecurityConfiguration.java:319) ~[spring-security-config-6.5.6.jar:6.5.6]
	at org.springframework.web.filter.CompositeFilter$VirtualFilterChain.doFilter(CompositeFilter.java:113) ~[spring-web-6.2.12.jar:6.2.12]
	at org.springframework.web.servlet.handler.HandlerMappingIntrospector.lambda$createCacheFilter$4(HandlerMappingIntrospector.java:267) ~[spring-webmvc-6.2.12.jar:6.2.12]
	at org.springframework.web.filter.CompositeFilter$VirtualFilterChain.doFilter(CompositeFilter.java:113) ~[spring-web-6.2.12.jar:6.2.12]
	at org.springframework.web.filter.CompositeFilter.doFilter(CompositeFilter.java:74) ~[spring-web-6.2.12.jar:6.2.12]
	at org.springframework.security.config.annotation.web.configuration.WebMvcSecurityConfiguration$CompositeFilterChainProxy.doFilter(WebMvcSecurityConfiguration.java:240) ~[spring-security-config-6.5.6.jar:6.5.6]
	at org.springframework.web.filter.DelegatingFilterProxy.invokeDelegate(DelegatingFilterProxy.java:362) ~[spring-web-6.2.12.jar:6.2.12]
	at org.springframework.web.filter.DelegatingFilterProxy.doFilter(DelegatingFilterProxy.java:278) ~[spring-web-6.2.12.jar:6.2.12]
	at org.apache.catalina.core.ApplicationFilterChain.internalDoFilter(ApplicationFilterChain.java:162) ~[tomcat-embed-core-10.1.48.jar:10.1.48]
	at org.apache.catalina.core.ApplicationFilterChain.doFilter(ApplicationFilterChain.java:138) ~[tomcat-embed-core-10.1.48.jar:10.1.48]
	at org.springframework.web.filter.RequestContextFilter.doFilterInternal(RequestContextFilter.java:100) ~[spring-web-6.2.12.jar:6.2.12]
	at org.springframework.web.filter.OncePerRequestFilter.doFilter(OncePerRequestFilter.java:116) ~[spring-web-6.2.12.jar:6.2.12]
	at org.apache.catalina.core.ApplicationFilterChain.internalDoFilter(ApplicationFilterChain.java:162) ~[tomcat-embed-core-10.1.48.jar:10.1.48]
	at org.apache.catalina.core.ApplicationFilterChain.doFilter(ApplicationFilterChain.java:138) ~[tomcat-embed-core-10.1.48.jar:10.1.48]
	at org.springframework.web.filter.FormContentFilter.doFilterInternal(FormContentFilter.java:93) ~[spring-web-6.2.12.jar:6.2.12]
	at org.springframework.web.filter.OncePerRequestFilter.doFilter(OncePerRequestFilter.java:116) ~[spring-web-6.2.12.jar:6.2.12]
	at org.apache.catalina.core.ApplicationFilterChain.internalDoFilter(ApplicationFilterChain.java:162) ~[tomcat-embed-core-10.1.48.jar:10.1.48]
	at org.apache.catalina.core.ApplicationFilterChain.doFilter(ApplicationFilterChain.java:138) ~[tomcat-embed-core-10.1.48.jar:10.1.48]
	at org.springframework.web.filter.ServerHttpObservationFilter.doFilterInternal(ServerHttpObservationFilter.java:110) ~[spring-web-6.2.12.jar:6.2.12]
	at org.springframework.web.filter.OncePerRequestFilter.doFilter(OncePerRequestFilter.java:116) ~[spring-web-6.2.12.jar:6.2.12]
	at org.apache.catalina.core.ApplicationFilterChain.internalDoFilter(ApplicationFilterChain.java:162) ~[tomcat-embed-core-10.1.48.jar:10.1.48]
	at org.apache.catalina.core.ApplicationFilterChain.doFilter(ApplicationFilterChain.java:138) ~[tomcat-embed-core-10.1.48.jar:10.1.48]
	at org.springframework.web.filter.CharacterEncodingFilter.doFilterInternal(CharacterEncodingFilter.java:201) ~[spring-web-6.2.12.jar:6.2.12]
	at org.springframework.web.filter.OncePerRequestFilter.doFilter(OncePerRequestFilter.java:116) ~[spring-web-6.2.12.jar:6.2.12]
	at org.apache.catalina.core.ApplicationFilterChain.internalDoFilter(ApplicationFilterChain.java:162) ~[tomcat-embed-core-10.1.48.jar:10.1.48]
	at org.apache.catalina.core.ApplicationFilterChain.doFilter(ApplicationFilterChain.java:138) ~[tomcat-embed-core-10.1.48.jar:10.1.48]
	at org.apache.catalina.core.StandardWrapperValve.invoke(StandardWrapperValve.java:165) ~[tomcat-embed-core-10.1.48.jar:10.1.48]
	at org.apache.catalina.core.StandardContextValve.invoke(StandardContextValve.java:88) ~[tomcat-embed-core-10.1.48.jar:10.1.48]
	at org.apache.catalina.authenticator.AuthenticatorBase.invoke(AuthenticatorBase.java:482) ~[tomcat-embed-core-10.1.48.jar:10.1.48]
	at org.apache.catalina.core.StandardHostValve.invoke(StandardHostValve.java:113) ~[tomcat-embed-core-10.1.48.jar:10.1.48]
	at org.apache.catalina.valves.ErrorReportValve.invoke(ErrorReportValve.java:83) ~[tomcat-embed-core-10.1.48.jar:10.1.48]
	at org.apache.catalina.core.StandardEngineValve.invoke(StandardEngineValve.java:72) ~[tomcat-embed-core-10.1.48.jar:10.1.48]
	at org.apache.catalina.connector.CoyoteAdapter.service(CoyoteAdapter.java:342) ~[tomcat-embed-core-10.1.48.jar:10.1.48]
	at org.apache.coyote.http11.Http11Processor.service(Http11Processor.java:399) ~[tomcat-embed-core-10.1.48.jar:10.1.48]
	at org.apache.coyote.AbstractProcessorLight.process(AbstractProcessorLight.java:63) ~[tomcat-embed-core-10.1.48.jar:10.1.48]
	at org.apache.coyote.AbstractProtocol$ConnectionHandler.process(AbstractProtocol.java:903) ~[tomcat-embed-core-10.1.48.jar:10.1.48]
	at org.apache.tomcat.util.net.NioEndpoint$SocketProcessor.doRun(NioEndpoint.java:1774) ~[tomcat-embed-core-10.1.48.jar:10.1.48]
	at org.apache.tomcat.util.net.SocketProcessorBase.run(SocketProcessorBase.java:52) ~[tomcat-embed-core-10.1.48.jar:10.1.48]
	at org.apache.tomcat.util.threads.ThreadPoolExecutor.runWorker(ThreadPoolExecutor.java:973) ~[tomcat-embed-core-10.1.48.jar:10.1.48]
	at org.apache.tomcat.util.threads.ThreadPoolExecutor$Worker.run(ThreadPoolExecutor.java:491) ~[tomcat-embed-core-10.1.48.jar:10.1.48]
	at org.apache.tomcat.util.threads.TaskThread$WrappingRunnable.run(TaskThread.java:63) ~[tomcat-embed-core-10.1.48.jar:10.1.48]
	at java.base/java.lang.Thread.run(Thread.java:1583) ~[na:na]

2026-02-05T01:09:21.250Z DEBUG 35576 --- [auth-service] [http-nio-8081-exec-3] o.s.security.web.FilterChainProxy        : Securing GET /HNAP1/
2026-02-05T01:09:21.251Z DEBUG 35576 --- [auth-service] [http-nio-8081-exec-3] o.s.s.w.a.AnonymousAuthenticationFilter  : Set SecurityContextHolder to anonymous SecurityContext
2026-02-05T01:09:21.252Z DEBUG 35576 --- [auth-service] [http-nio-8081-exec-3] o.s.security.web.FilterChainProxy        : Secured GET /HNAP1/
2026-02-05T01:09:21.258Z ERROR 35576 --- [auth-service] [http-nio-8081-exec-3] c.a.a.exception.GlobalExceptionHandler   : Erro inesperado: No static resource HNAP1.

org.springframework.web.servlet.resource.NoResourceFoundException: No static resource HNAP1.
	at org.springframework.web.servlet.resource.ResourceHttpRequestHandler.handleRequest(ResourceHttpRequestHandler.java:585) ~[spring-webmvc-6.2.12.jar:6.2.12]
	at org.springframework.web.servlet.mvc.HttpRequestHandlerAdapter.handle(HttpRequestHandlerAdapter.java:52) ~[spring-webmvc-6.2.12.jar:6.2.12]
	at org.springframework.web.servlet.DispatcherServlet.doDispatch(DispatcherServlet.java:1089) ~[spring-webmvc-6.2.12.jar:6.2.12]
	at org.springframework.web.servlet.DispatcherServlet.doService(DispatcherServlet.java:979) ~[spring-webmvc-6.2.12.jar:6.2.12]
	at org.springframework.web.servlet.FrameworkServlet.processRequest(FrameworkServlet.java:1014) ~[spring-webmvc-6.2.12.jar:6.2.12]
	at org.springframework.web.servlet.FrameworkServlet.doGet(FrameworkServlet.java:903) ~[spring-webmvc-6.2.12.jar:6.2.12]
	at jakarta.servlet.http.HttpServlet.service(HttpServlet.java:564) ~[tomcat-embed-core-10.1.48.jar:6.0]
	at org.springframework.web.servlet.FrameworkServlet.service(FrameworkServlet.java:885) ~[spring-webmvc-6.2.12.jar:6.2.12]
	at jakarta.servlet.http.HttpServlet.service(HttpServlet.java:658) ~[tomcat-embed-core-10.1.48.jar:6.0]
	at org.apache.catalina.core.ApplicationFilterChain.internalDoFilter(ApplicationFilterChain.java:193) ~[tomcat-embed-core-10.1.48.jar:10.1.48]
	at org.apache.catalina.core.ApplicationFilterChain.doFilter(ApplicationFilterChain.java:138) ~[tomcat-embed-core-10.1.48.jar:10.1.48]
	at org.apache.tomcat.websocket.server.WsFilter.doFilter(WsFilter.java:51) ~[tomcat-embed-websocket-10.1.48.jar:10.1.48]
	at org.apache.catalina.core.ApplicationFilterChain.internalDoFilter(ApplicationFilterChain.java:162) ~[tomcat-embed-core-10.1.48.jar:10.1.48]
	at org.apache.catalina.core.ApplicationFilterChain.doFilter(ApplicationFilterChain.java:138) ~[tomcat-embed-core-10.1.48.jar:10.1.48]
	at org.springframework.web.filter.CompositeFilter$VirtualFilterChain.doFilter(CompositeFilter.java:108) ~[spring-web-6.2.12.jar:6.2.12]
	at org.springframework.web.filter.CompositeFilter$VirtualFilterChain.doFilter(CompositeFilter.java:108) ~[spring-web-6.2.12.jar:6.2.12]
	at org.springframework.security.web.FilterChainProxy.lambda$doFilterInternal$3(FilterChainProxy.java:231) ~[spring-security-web-6.5.6.jar:6.5.6]
	at org.springframework.security.web.ObservationFilterChainDecorator$FilterObservation$SimpleFilterObservation.lambda$wrap$1(ObservationFilterChainDecorator.java:490) ~[spring-security-web-6.5.6.jar:6.5.6]
	at org.springframework.security.web.ObservationFilterChainDecorator$AroundFilterObservation$SimpleAroundFilterObservation.lambda$wrap$1(ObservationFilterChainDecorator.java:351) ~[spring-security-web-6.5.6.jar:6.5.6]
	at org.springframework.security.web.ObservationFilterChainDecorator.lambda$wrapSecured$0(ObservationFilterChainDecorator.java:83) ~[spring-security-web-6.5.6.jar:6.5.6]
	at org.springframework.security.web.ObservationFilterChainDecorator$VirtualFilterChain.doFilter(ObservationFilterChainDecorator.java:129) ~[spring-security-web-6.5.6.jar:6.5.6]
	at org.springframework.security.web.access.intercept.AuthorizationFilter.doFilter(AuthorizationFilter.java:101) ~[spring-security-web-6.5.6.jar:6.5.6]
	at org.springframework.security.web.ObservationFilterChainDecorator$ObservationFilter.wrapFilter(ObservationFilterChainDecorator.java:241) ~[spring-security-web-6.5.6.jar:6.5.6]
	at org.springframework.security.web.ObservationFilterChainDecorator$ObservationFilter.doFilter(ObservationFilterChainDecorator.java:228) ~[spring-security-web-6.5.6.jar:6.5.6]
	at org.springframework.security.web.ObservationFilterChainDecorator$VirtualFilterChain.doFilter(ObservationFilterChainDecorator.java:138) ~[spring-security-web-6.5.6.jar:6.5.6]
	at org.springframework.security.web.access.ExceptionTranslationFilter.doFilter(ExceptionTranslationFilter.java:125) ~[spring-security-web-6.5.6.jar:6.5.6]
	at org.springframework.security.web.access.ExceptionTranslationFilter.doFilter(ExceptionTranslationFilter.java:119) ~[spring-security-web-6.5.6.jar:6.5.6]
	at org.springframework.security.web.ObservationFilterChainDecorator$ObservationFilter.wrapFilter(ObservationFilterChainDecorator.java:241) ~[spring-security-web-6.5.6.jar:6.5.6]
	at org.springframework.security.web.ObservationFilterChainDecorator$ObservationFilter.doFilter(ObservationFilterChainDecorator.java:228) ~[spring-security-web-6.5.6.jar:6.5.6]
	at org.springframework.security.web.ObservationFilterChainDecorator$VirtualFilterChain.doFilter(ObservationFilterChainDecorator.java:138) ~[spring-security-web-6.5.6.jar:6.5.6]
	at org.springframework.security.web.session.SessionManagementFilter.doFilter(SessionManagementFilter.java:131) ~[spring-security-web-6.5.6.jar:6.5.6]
	at org.springframework.security.web.session.SessionManagementFilter.doFilter(SessionManagementFilter.java:85) ~[spring-security-web-6.5.6.jar:6.5.6]
	at org.springframework.security.web.ObservationFilterChainDecorator$ObservationFilter.wrapFilter(ObservationFilterChainDecorator.java:241) ~[spring-security-web-6.5.6.jar:6.5.6]
	at org.springframework.security.web.ObservationFilterChainDecorator$ObservationFilter.doFilter(ObservationFilterChainDecorator.java:228) ~[spring-security-web-6.5.6.jar:6.5.6]
	at org.springframework.security.web.ObservationFilterChainDecorator$VirtualFilterChain.doFilter(ObservationFilterChainDecorator.java:138) ~[spring-security-web-6.5.6.jar:6.5.6]
	at org.springframework.security.web.authentication.AnonymousAuthenticationFilter.doFilter(AnonymousAuthenticationFilter.java:100) ~[spring-security-web-6.5.6.jar:6.5.6]
	at org.springframework.security.web.ObservationFilterChainDecorator$ObservationFilter.wrapFilter(ObservationFilterChainDecorator.java:241) ~[spring-security-web-6.5.6.jar:6.5.6]
	at org.springframework.security.web.ObservationFilterChainDecorator$ObservationFilter.doFilter(ObservationFilterChainDecorator.java:228) ~[spring-security-web-6.5.6.jar:6.5.6]
	at org.springframework.security.web.ObservationFilterChainDecorator$VirtualFilterChain.doFilter(ObservationFilterChainDecorator.java:138) ~[spring-security-web-6.5.6.jar:6.5.6]
	at org.springframework.security.web.servletapi.SecurityContextHolderAwareRequestFilter.doFilter(SecurityContextHolderAwareRequestFilter.java:179) ~[spring-security-web-6.5.6.jar:6.5.6]
	at org.springframework.security.web.ObservationFilterChainDecorator$ObservationFilter.wrapFilter(ObservationFilterChainDecorator.java:241) ~[spring-security-web-6.5.6.jar:6.5.6]
	at org.springframework.security.web.ObservationFilterChainDecorator$ObservationFilter.doFilter(ObservationFilterChainDecorator.java:228) ~[spring-security-web-6.5.6.jar:6.5.6]
	at org.springframework.security.web.ObservationFilterChainDecorator$VirtualFilterChain.doFilter(ObservationFilterChainDecorator.java:138) ~[spring-security-web-6.5.6.jar:6.5.6]
	at org.springframework.security.web.savedrequest.RequestCacheAwareFilter.doFilter(RequestCacheAwareFilter.java:63) ~[spring-security-web-6.5.6.jar:6.5.6]
	at org.springframework.security.web.ObservationFilterChainDecorator$ObservationFilter.wrapFilter(ObservationFilterChainDecorator.java:241) ~[spring-security-web-6.5.6.jar:6.5.6]
	at org.springframework.security.web.ObservationFilterChainDecorator$ObservationFilter.doFilter(ObservationFilterChainDecorator.java:228) ~[spring-security-web-6.5.6.jar:6.5.6]
	at org.springframework.security.web.ObservationFilterChainDecorator$VirtualFilterChain.doFilter(ObservationFilterChainDecorator.java:138) ~[spring-security-web-6.5.6.jar:6.5.6]
	at org.springframework.security.web.authentication.logout.LogoutFilter.doFilter(LogoutFilter.java:107) ~[spring-security-web-6.5.6.jar:6.5.6]
	at org.springframework.security.web.authentication.logout.LogoutFilter.doFilter(LogoutFilter.java:93) ~[spring-security-web-6.5.6.jar:6.5.6]
	at org.springframework.security.web.ObservationFilterChainDecorator$ObservationFilter.wrapFilter(ObservationFilterChainDecorator.java:241) ~[spring-security-web-6.5.6.jar:6.5.6]
	at org.springframework.security.web.ObservationFilterChainDecorator$ObservationFilter.doFilter(ObservationFilterChainDecorator.java:228) ~[spring-security-web-6.5.6.jar:6.5.6]
	at org.springframework.security.web.ObservationFilterChainDecorator$VirtualFilterChain.doFilter(ObservationFilterChainDecorator.java:138) ~[spring-security-web-6.5.6.jar:6.5.6]
	at org.springframework.web.filter.CorsFilter.doFilterInternal(CorsFilter.java:91) ~[spring-web-6.2.12.jar:6.2.12]
	at org.springframework.web.filter.OncePerRequestFilter.doFilter(OncePerRequestFilter.java:116) ~[spring-web-6.2.12.jar:6.2.12]
	at org.springframework.security.web.ObservationFilterChainDecorator$ObservationFilter.wrapFilter(ObservationFilterChainDecorator.java:241) ~[spring-security-web-6.5.6.jar:6.5.6]
	at org.springframework.security.web.ObservationFilterChainDecorator$ObservationFilter.doFilter(ObservationFilterChainDecorator.java:228) ~[spring-security-web-6.5.6.jar:6.5.6]
	at org.springframework.security.web.ObservationFilterChainDecorator$VirtualFilterChain.doFilter(ObservationFilterChainDecorator.java:138) ~[spring-security-web-6.5.6.jar:6.5.6]
	at org.springframework.security.web.header.HeaderWriterFilter.doHeadersAfter(HeaderWriterFilter.java:90) ~[spring-security-web-6.5.6.jar:6.5.6]
	at org.springframework.security.web.header.HeaderWriterFilter.doFilterInternal(HeaderWriterFilter.java:75) ~[spring-security-web-6.5.6.jar:6.5.6]
	at org.springframework.web.filter.OncePerRequestFilter.doFilter(OncePerRequestFilter.java:116) ~[spring-web-6.2.12.jar:6.2.12]
	at org.springframework.security.web.ObservationFilterChainDecorator$ObservationFilter.wrapFilter(ObservationFilterChainDecorator.java:241) ~[spring-security-web-6.5.6.jar:6.5.6]
	at org.springframework.security.web.ObservationFilterChainDecorator$ObservationFilter.doFilter(ObservationFilterChainDecorator.java:228) ~[spring-security-web-6.5.6.jar:6.5.6]
	at org.springframework.security.web.ObservationFilterChainDecorator$VirtualFilterChain.doFilter(ObservationFilterChainDecorator.java:138) ~[spring-security-web-6.5.6.jar:6.5.6]
	at org.springframework.security.web.context.SecurityContextHolderFilter.doFilter(SecurityContextHolderFilter.java:82) ~[spring-security-web-6.5.6.jar:6.5.6]
	at org.springframework.security.web.context.SecurityContextHolderFilter.doFilter(SecurityContextHolderFilter.java:69) ~[spring-security-web-6.5.6.jar:6.5.6]
	at org.springframework.security.web.ObservationFilterChainDecorator$ObservationFilter.wrapFilter(ObservationFilterChainDecorator.java:241) ~[spring-security-web-6.5.6.jar:6.5.6]
	at org.springframework.security.web.ObservationFilterChainDecorator$ObservationFilter.doFilter(ObservationFilterChainDecorator.java:228) ~[spring-security-web-6.5.6.jar:6.5.6]
	at org.springframework.security.web.ObservationFilterChainDecorator$VirtualFilterChain.doFilter(ObservationFilterChainDecorator.java:138) ~[spring-security-web-6.5.6.jar:6.5.6]
	at org.springframework.security.web.context.request.async.WebAsyncManagerIntegrationFilter.doFilterInternal(WebAsyncManagerIntegrationFilter.java:62) ~[spring-security-web-6.5.6.jar:6.5.6]
	at org.springframework.web.filter.OncePerRequestFilter.doFilter(OncePerRequestFilter.java:116) ~[spring-web-6.2.12.jar:6.2.12]
	at org.springframework.security.web.ObservationFilterChainDecorator$ObservationFilter.wrapFilter(ObservationFilterChainDecorator.java:241) ~[spring-security-web-6.5.6.jar:6.5.6]
	at org.springframework.security.web.ObservationFilterChainDecorator$ObservationFilter.doFilter(ObservationFilterChainDecorator.java:228) ~[spring-security-web-6.5.6.jar:6.5.6]
	at org.springframework.security.web.ObservationFilterChainDecorator$VirtualFilterChain.doFilter(ObservationFilterChainDecorator.java:138) ~[spring-security-web-6.5.6.jar:6.5.6]
	at org.springframework.security.web.session.DisableEncodeUrlFilter.doFilterInternal(DisableEncodeUrlFilter.java:42) ~[spring-security-web-6.5.6.jar:6.5.6]
	at org.springframework.web.filter.OncePerRequestFilter.doFilter(OncePerRequestFilter.java:116) ~[spring-web-6.2.12.jar:6.2.12]
	at org.springframework.security.web.ObservationFilterChainDecorator$ObservationFilter.wrapFilter(ObservationFilterChainDecorator.java:241) ~[spring-security-web-6.5.6.jar:6.5.6]
	at org.springframework.security.web.ObservationFilterChainDecorator$AroundFilterObservation$SimpleAroundFilterObservation.lambda$wrap$0(ObservationFilterChainDecorator.java:334) ~[spring-security-web-6.5.6.jar:6.5.6]
	at org.springframework.security.web.ObservationFilterChainDecorator$ObservationFilter.doFilter(ObservationFilterChainDecorator.java:225) ~[spring-security-web-6.5.6.jar:6.5.6]
	at org.springframework.security.web.ObservationFilterChainDecorator$VirtualFilterChain.doFilter(ObservationFilterChainDecorator.java:138) ~[spring-security-web-6.5.6.jar:6.5.6]
	at org.springframework.security.web.FilterChainProxy.doFilterInternal(FilterChainProxy.java:233) ~[spring-security-web-6.5.6.jar:6.5.6]
	at org.springframework.security.web.FilterChainProxy.doFilter(FilterChainProxy.java:191) ~[spring-security-web-6.5.6.jar:6.5.6]
	at org.springframework.web.filter.CompositeFilter$VirtualFilterChain.doFilter(CompositeFilter.java:113) ~[spring-web-6.2.12.jar:6.2.12]
	at org.springframework.web.filter.ServletRequestPathFilter.doFilter(ServletRequestPathFilter.java:52) ~[spring-web-6.2.12.jar:6.2.12]
	at org.springframework.web.filter.CompositeFilter$VirtualFilterChain.doFilter(CompositeFilter.java:113) ~[spring-web-6.2.12.jar:6.2.12]
	at org.springframework.web.filter.CompositeFilter.doFilter(CompositeFilter.java:74) ~[spring-web-6.2.12.jar:6.2.12]
	at org.springframework.security.config.annotation.web.configuration.WebSecurityConfiguration$CompositeFilterChainProxy.doFilter(WebSecurityConfiguration.java:319) ~[spring-security-config-6.5.6.jar:6.5.6]
	at org.springframework.web.filter.CompositeFilter$VirtualFilterChain.doFilter(CompositeFilter.java:113) ~[spring-web-6.2.12.jar:6.2.12]
	at org.springframework.web.servlet.handler.HandlerMappingIntrospector.lambda$createCacheFilter$4(HandlerMappingIntrospector.java:267) ~[spring-webmvc-6.2.12.jar:6.2.12]
	at org.springframework.web.filter.CompositeFilter$VirtualFilterChain.doFilter(CompositeFilter.java:113) ~[spring-web-6.2.12.jar:6.2.12]
	at org.springframework.web.filter.CompositeFilter.doFilter(CompositeFilter.java:74) ~[spring-web-6.2.12.jar:6.2.12]
	at org.springframework.security.config.annotation.web.configuration.WebMvcSecurityConfiguration$CompositeFilterChainProxy.doFilter(WebMvcSecurityConfiguration.java:240) ~[spring-security-config-6.5.6.jar:6.5.6]
	at org.springframework.web.filter.DelegatingFilterProxy.invokeDelegate(DelegatingFilterProxy.java:362) ~[spring-web-6.2.12.jar:6.2.12]
	at org.springframework.web.filter.DelegatingFilterProxy.doFilter(DelegatingFilterProxy.java:278) ~[spring-web-6.2.12.jar:6.2.12]
	at org.apache.catalina.core.ApplicationFilterChain.internalDoFilter(ApplicationFilterChain.java:162) ~[tomcat-embed-core-10.1.48.jar:10.1.48]
	at org.apache.catalina.core.ApplicationFilterChain.doFilter(ApplicationFilterChain.java:138) ~[tomcat-embed-core-10.1.48.jar:10.1.48]
	at org.springframework.web.filter.RequestContextFilter.doFilterInternal(RequestContextFilter.java:100) ~[spring-web-6.2.12.jar:6.2.12]
	at org.springframework.web.filter.OncePerRequestFilter.doFilter(OncePerRequestFilter.java:116) ~[spring-web-6.2.12.jar:6.2.12]
	at org.apache.catalina.core.ApplicationFilterChain.internalDoFilter(ApplicationFilterChain.java:162) ~[tomcat-embed-core-10.1.48.jar:10.1.48]
	at org.apache.catalina.core.ApplicationFilterChain.doFilter(ApplicationFilterChain.java:138) ~[tomcat-embed-core-10.1.48.jar:10.1.48]
	at org.springframework.web.filter.FormContentFilter.doFilterInternal(FormContentFilter.java:93) ~[spring-web-6.2.12.jar:6.2.12]
	at org.springframework.web.filter.OncePerRequestFilter.doFilter(OncePerRequestFilter.java:116) ~[spring-web-6.2.12.jar:6.2.12]
	at org.apache.catalina.core.ApplicationFilterChain.internalDoFilter(ApplicationFilterChain.java:162) ~[tomcat-embed-core-10.1.48.jar:10.1.48]
	at org.apache.catalina.core.ApplicationFilterChain.doFilter(ApplicationFilterChain.java:138) ~[tomcat-embed-core-10.1.48.jar:10.1.48]
	at org.springframework.web.filter.ServerHttpObservationFilter.doFilterInternal(ServerHttpObservationFilter.java:110) ~[spring-web-6.2.12.jar:6.2.12]
	at org.springframework.web.filter.OncePerRequestFilter.doFilter(OncePerRequestFilter.java:116) ~[spring-web-6.2.12.jar:6.2.12]
	at org.apache.catalina.core.ApplicationFilterChain.internalDoFilter(ApplicationFilterChain.java:162) ~[tomcat-embed-core-10.1.48.jar:10.1.48]
	at org.apache.catalina.core.ApplicationFilterChain.doFilter(ApplicationFilterChain.java:138) ~[tomcat-embed-core-10.1.48.jar:10.1.48]
	at org.springframework.web.filter.CharacterEncodingFilter.doFilterInternal(CharacterEncodingFilter.java:201) ~[spring-web-6.2.12.jar:6.2.12]
	at org.springframework.web.filter.OncePerRequestFilter.doFilter(OncePerRequestFilter.java:116) ~[spring-web-6.2.12.jar:6.2.12]
	at org.apache.catalina.core.ApplicationFilterChain.internalDoFilter(ApplicationFilterChain.java:162) ~[tomcat-embed-core-10.1.48.jar:10.1.48]
	at org.apache.catalina.core.ApplicationFilterChain.doFilter(ApplicationFilterChain.java:138) ~[tomcat-embed-core-10.1.48.jar:10.1.48]
	at org.apache.catalina.core.StandardWrapperValve.invoke(StandardWrapperValve.java:165) ~[tomcat-embed-core-10.1.48.jar:10.1.48]
	at org.apache.catalina.core.StandardContextValve.invoke(StandardContextValve.java:88) ~[tomcat-embed-core-10.1.48.jar:10.1.48]
	at org.apache.catalina.authenticator.AuthenticatorBase.invoke(AuthenticatorBase.java:482) ~[tomcat-embed-core-10.1.48.jar:10.1.48]
	at org.apache.catalina.core.StandardHostValve.invoke(StandardHostValve.java:113) ~[tomcat-embed-core-10.1.48.jar:10.1.48]
	at org.apache.catalina.valves.ErrorReportValve.invoke(ErrorReportValve.java:83) ~[tomcat-embed-core-10.1.48.jar:10.1.48]
	at org.apache.catalina.core.StandardEngineValve.invoke(StandardEngineValve.java:72) ~[tomcat-embed-core-10.1.48.jar:10.1.48]
	at org.apache.catalina.connector.CoyoteAdapter.service(CoyoteAdapter.java:342) ~[tomcat-embed-core-10.1.48.jar:10.1.48]
	at org.apache.coyote.http11.Http11Processor.service(Http11Processor.java:399) ~[tomcat-embed-core-10.1.48.jar:10.1.48]
	at org.apache.coyote.AbstractProcessorLight.process(AbstractProcessorLight.java:63) ~[tomcat-embed-core-10.1.48.jar:10.1.48]
	at org.apache.coyote.AbstractProtocol$ConnectionHandler.process(AbstractProtocol.java:903) ~[tomcat-embed-core-10.1.48.jar:10.1.48]
	at org.apache.tomcat.util.net.NioEndpoint$SocketProcessor.doRun(NioEndpoint.java:1774) ~[tomcat-embed-core-10.1.48.jar:10.1.48]
	at org.apache.tomcat.util.net.SocketProcessorBase.run(SocketProcessorBase.java:52) ~[tomcat-embed-core-10.1.48.jar:10.1.48]
	at org.apache.tomcat.util.threads.ThreadPoolExecutor.runWorker(ThreadPoolExecutor.java:973) ~[tomcat-embed-core-10.1.48.jar:10.1.48]
	at org.apache.tomcat.util.threads.ThreadPoolExecutor$Worker.run(ThreadPoolExecutor.java:491) ~[tomcat-embed-core-10.1.48.jar:10.1.48]
	at org.apache.tomcat.util.threads.TaskThread$WrappingRunnable.run(TaskThread.java:63) ~[tomcat-embed-core-10.1.48.jar:10.1.48]
	at java.base/java.lang.Thread.run(Thread.java:1583) ~[na:na]

2026-02-05T01:09:26.396Z DEBUG 35576 --- [auth-service] [http-nio-8081-exec-4] o.s.security.web.FilterChainProxy        : Securing GET /loginMsg.js
2026-02-05T01:09:26.396Z DEBUG 35576 --- [auth-service] [http-nio-8081-exec-4] o.s.s.w.a.AnonymousAuthenticationFilter  : Set SecurityContextHolder to anonymous SecurityContext
2026-02-05T01:09:26.406Z DEBUG 35576 --- [auth-service] [http-nio-8081-exec-4] o.s.security.web.FilterChainProxy        : Secured GET /loginMsg.js
2026-02-05T01:09:26.407Z ERROR 35576 --- [auth-service] [http-nio-8081-exec-4] c.a.a.exception.GlobalExceptionHandler   : Erro inesperado: No static resource loginMsg.js.

org.springframework.web.servlet.resource.NoResourceFoundException: No static resource loginMsg.js.
	at org.springframework.web.servlet.resource.ResourceHttpRequestHandler.handleRequest(ResourceHttpRequestHandler.java:585) ~[spring-webmvc-6.2.12.jar:6.2.12]
	at org.springframework.web.servlet.mvc.HttpRequestHandlerAdapter.handle(HttpRequestHandlerAdapter.java:52) ~[spring-webmvc-6.2.12.jar:6.2.12]
	at org.springframework.web.servlet.DispatcherServlet.doDispatch(DispatcherServlet.java:1089) ~[spring-webmvc-6.2.12.jar:6.2.12]
	at org.springframework.web.servlet.DispatcherServlet.doService(DispatcherServlet.java:979) ~[spring-webmvc-6.2.12.jar:6.2.12]
	at org.springframework.web.servlet.FrameworkServlet.processRequest(FrameworkServlet.java:1014) ~[spring-webmvc-6.2.12.jar:6.2.12]
	at org.springframework.web.servlet.FrameworkServlet.doGet(FrameworkServlet.java:903) ~[spring-webmvc-6.2.12.jar:6.2.12]
	at jakarta.servlet.http.HttpServlet.service(HttpServlet.java:564) ~[tomcat-embed-core-10.1.48.jar:6.0]
	at org.springframework.web.servlet.FrameworkServlet.service(FrameworkServlet.java:885) ~[spring-webmvc-6.2.12.jar:6.2.12]
	at jakarta.servlet.http.HttpServlet.service(HttpServlet.java:658) ~[tomcat-embed-core-10.1.48.jar:6.0]
	at org.apache.catalina.core.ApplicationFilterChain.internalDoFilter(ApplicationFilterChain.java:193) ~[tomcat-embed-core-10.1.48.jar:10.1.48]
	at org.apache.catalina.core.ApplicationFilterChain.doFilter(ApplicationFilterChain.java:138) ~[tomcat-embed-core-10.1.48.jar:10.1.48]
	at org.apache.tomcat.websocket.server.WsFilter.doFilter(WsFilter.java:51) ~[tomcat-embed-websocket-10.1.48.jar:10.1.48]
	at org.apache.catalina.core.ApplicationFilterChain.internalDoFilter(ApplicationFilterChain.java:162) ~[tomcat-embed-core-10.1.48.jar:10.1.48]
	at org.apache.catalina.core.ApplicationFilterChain.doFilter(ApplicationFilterChain.java:138) ~[tomcat-embed-core-10.1.48.jar:10.1.48]
	at org.springframework.web.filter.CompositeFilter$VirtualFilterChain.doFilter(CompositeFilter.java:108) ~[spring-web-6.2.12.jar:6.2.12]
	at org.springframework.web.filter.CompositeFilter$VirtualFilterChain.doFilter(CompositeFilter.java:108) ~[spring-web-6.2.12.jar:6.2.12]
	at org.springframework.security.web.FilterChainProxy.lambda$doFilterInternal$3(FilterChainProxy.java:231) ~[spring-security-web-6.5.6.jar:6.5.6]
	at org.springframework.security.web.ObservationFilterChainDecorator$FilterObservation$SimpleFilterObservation.lambda$wrap$1(ObservationFilterChainDecorator.java:490) ~[spring-security-web-6.5.6.jar:6.5.6]
	at org.springframework.security.web.ObservationFilterChainDecorator$AroundFilterObservation$SimpleAroundFilterObservation.lambda$wrap$1(ObservationFilterChainDecorator.java:351) ~[spring-security-web-6.5.6.jar:6.5.6]
	at org.springframework.security.web.ObservationFilterChainDecorator.lambda$wrapSecured$0(ObservationFilterChainDecorator.java:83) ~[spring-security-web-6.5.6.jar:6.5.6]
	at org.springframework.security.web.ObservationFilterChainDecorator$VirtualFilterChain.doFilter(ObservationFilterChainDecorator.java:129) ~[spring-security-web-6.5.6.jar:6.5.6]
	at org.springframework.security.web.access.intercept.AuthorizationFilter.doFilter(AuthorizationFilter.java:101) ~[spring-security-web-6.5.6.jar:6.5.6]
	at org.springframework.security.web.ObservationFilterChainDecorator$ObservationFilter.wrapFilter(ObservationFilterChainDecorator.java:241) ~[spring-security-web-6.5.6.jar:6.5.6]
	at org.springframework.security.web.ObservationFilterChainDecorator$ObservationFilter.doFilter(ObservationFilterChainDecorator.java:228) ~[spring-security-web-6.5.6.jar:6.5.6]
	at org.springframework.security.web.ObservationFilterChainDecorator$VirtualFilterChain.doFilter(ObservationFilterChainDecorator.java:138) ~[spring-security-web-6.5.6.jar:6.5.6]
	at org.springframework.security.web.access.ExceptionTranslationFilter.doFilter(ExceptionTranslationFilter.java:125) ~[spring-security-web-6.5.6.jar:6.5.6]
	at org.springframework.security.web.access.ExceptionTranslationFilter.doFilter(ExceptionTranslationFilter.java:119) ~[spring-security-web-6.5.6.jar:6.5.6]
	at org.springframework.security.web.ObservationFilterChainDecorator$ObservationFilter.wrapFilter(ObservationFilterChainDecorator.java:241) ~[spring-security-web-6.5.6.jar:6.5.6]
	at org.springframework.security.web.ObservationFilterChainDecorator$ObservationFilter.doFilter(ObservationFilterChainDecorator.java:228) ~[spring-security-web-6.5.6.jar:6.5.6]
	at org.springframework.security.web.ObservationFilterChainDecorator$VirtualFilterChain.doFilter(ObservationFilterChainDecorator.java:138) ~[spring-security-web-6.5.6.jar:6.5.6]
	at org.springframework.security.web.session.SessionManagementFilter.doFilter(SessionManagementFilter.java:131) ~[spring-security-web-6.5.6.jar:6.5.6]
	at org.springframework.security.web.session.SessionManagementFilter.doFilter(SessionManagementFilter.java:85) ~[spring-security-web-6.5.6.jar:6.5.6]
	at org.springframework.security.web.ObservationFilterChainDecorator$ObservationFilter.wrapFilter(ObservationFilterChainDecorator.java:241) ~[spring-security-web-6.5.6.jar:6.5.6]
	at org.springframework.security.web.ObservationFilterChainDecorator$ObservationFilter.doFilter(ObservationFilterChainDecorator.java:228) ~[spring-security-web-6.5.6.jar:6.5.6]
	at org.springframework.security.web.ObservationFilterChainDecorator$VirtualFilterChain.doFilter(ObservationFilterChainDecorator.java:138) ~[spring-security-web-6.5.6.jar:6.5.6]
	at org.springframework.security.web.authentication.AnonymousAuthenticationFilter.doFilter(AnonymousAuthenticationFilter.java:100) ~[spring-security-web-6.5.6.jar:6.5.6]
	at org.springframework.security.web.ObservationFilterChainDecorator$ObservationFilter.wrapFilter(ObservationFilterChainDecorator.java:241) ~[spring-security-web-6.5.6.jar:6.5.6]
	at org.springframework.security.web.ObservationFilterChainDecorator$ObservationFilter.doFilter(ObservationFilterChainDecorator.java:228) ~[spring-security-web-6.5.6.jar:6.5.6]
	at org.springframework.security.web.ObservationFilterChainDecorator$VirtualFilterChain.doFilter(ObservationFilterChainDecorator.java:138) ~[spring-security-web-6.5.6.jar:6.5.6]
	at org.springframework.security.web.servletapi.SecurityContextHolderAwareRequestFilter.doFilter(SecurityContextHolderAwareRequestFilter.java:179) ~[spring-security-web-6.5.6.jar:6.5.6]
	at org.springframework.security.web.ObservationFilterChainDecorator$ObservationFilter.wrapFilter(ObservationFilterChainDecorator.java:241) ~[spring-security-web-6.5.6.jar:6.5.6]
	at org.springframework.security.web.ObservationFilterChainDecorator$ObservationFilter.doFilter(ObservationFilterChainDecorator.java:228) ~[spring-security-web-6.5.6.jar:6.5.6]
	at org.springframework.security.web.ObservationFilterChainDecorator$VirtualFilterChain.doFilter(ObservationFilterChainDecorator.java:138) ~[spring-security-web-6.5.6.jar:6.5.6]
	at org.springframework.security.web.savedrequest.RequestCacheAwareFilter.doFilter(RequestCacheAwareFilter.java:63) ~[spring-security-web-6.5.6.jar:6.5.6]
	at org.springframework.security.web.ObservationFilterChainDecorator$ObservationFilter.wrapFilter(ObservationFilterChainDecorator.java:241) ~[spring-security-web-6.5.6.jar:6.5.6]
	at org.springframework.security.web.ObservationFilterChainDecorator$ObservationFilter.doFilter(ObservationFilterChainDecorator.java:228) ~[spring-security-web-6.5.6.jar:6.5.6]
	at org.springframework.security.web.ObservationFilterChainDecorator$VirtualFilterChain.doFilter(ObservationFilterChainDecorator.java:138) ~[spring-security-web-6.5.6.jar:6.5.6]
	at org.springframework.security.web.authentication.logout.LogoutFilter.doFilter(LogoutFilter.java:107) ~[spring-security-web-6.5.6.jar:6.5.6]
	at org.springframework.security.web.authentication.logout.LogoutFilter.doFilter(LogoutFilter.java:93) ~[spring-security-web-6.5.6.jar:6.5.6]
	at org.springframework.security.web.ObservationFilterChainDecorator$ObservationFilter.wrapFilter(ObservationFilterChainDecorator.java:241) ~[spring-security-web-6.5.6.jar:6.5.6]
	at org.springframework.security.web.ObservationFilterChainDecorator$ObservationFilter.doFilter(ObservationFilterChainDecorator.java:228) ~[spring-security-web-6.5.6.jar:6.5.6]
	at org.springframework.security.web.ObservationFilterChainDecorator$VirtualFilterChain.doFilter(ObservationFilterChainDecorator.java:138) ~[spring-security-web-6.5.6.jar:6.5.6]
	at org.springframework.web.filter.CorsFilter.doFilterInternal(CorsFilter.java:91) ~[spring-web-6.2.12.jar:6.2.12]
	at org.springframework.web.filter.OncePerRequestFilter.doFilter(OncePerRequestFilter.java:116) ~[spring-web-6.2.12.jar:6.2.12]
	at org.springframework.security.web.ObservationFilterChainDecorator$ObservationFilter.wrapFilter(ObservationFilterChainDecorator.java:241) ~[spring-security-web-6.5.6.jar:6.5.6]
	at org.springframework.security.web.ObservationFilterChainDecorator$ObservationFilter.doFilter(ObservationFilterChainDecorator.java:228) ~[spring-security-web-6.5.6.jar:6.5.6]
	at org.springframework.security.web.ObservationFilterChainDecorator$VirtualFilterChain.doFilter(ObservationFilterChainDecorator.java:138) ~[spring-security-web-6.5.6.jar:6.5.6]
	at org.springframework.security.web.header.HeaderWriterFilter.doHeadersAfter(HeaderWriterFilter.java:90) ~[spring-security-web-6.5.6.jar:6.5.6]
	at org.springframework.security.web.header.HeaderWriterFilter.doFilterInternal(HeaderWriterFilter.java:75) ~[spring-security-web-6.5.6.jar:6.5.6]
	at org.springframework.web.filter.OncePerRequestFilter.doFilter(OncePerRequestFilter.java:116) ~[spring-web-6.2.12.jar:6.2.12]
	at org.springframework.security.web.ObservationFilterChainDecorator$ObservationFilter.wrapFilter(ObservationFilterChainDecorator.java:241) ~[spring-security-web-6.5.6.jar:6.5.6]
	at org.springframework.security.web.ObservationFilterChainDecorator$ObservationFilter.doFilter(ObservationFilterChainDecorator.java:228) ~[spring-security-web-6.5.6.jar:6.5.6]
	at org.springframework.security.web.ObservationFilterChainDecorator$VirtualFilterChain.doFilter(ObservationFilterChainDecorator.java:138) ~[spring-security-web-6.5.6.jar:6.5.6]
	at org.springframework.security.web.context.SecurityContextHolderFilter.doFilter(SecurityContextHolderFilter.java:82) ~[spring-security-web-6.5.6.jar:6.5.6]
	at org.springframework.security.web.context.SecurityContextHolderFilter.doFilter(SecurityContextHolderFilter.java:69) ~[spring-security-web-6.5.6.jar:6.5.6]
	at org.springframework.security.web.ObservationFilterChainDecorator$ObservationFilter.wrapFilter(ObservationFilterChainDecorator.java:241) ~[spring-security-web-6.5.6.jar:6.5.6]
	at org.springframework.security.web.ObservationFilterChainDecorator$ObservationFilter.doFilter(ObservationFilterChainDecorator.java:228) ~[spring-security-web-6.5.6.jar:6.5.6]
	at org.springframework.security.web.ObservationFilterChainDecorator$VirtualFilterChain.doFilter(ObservationFilterChainDecorator.java:138) ~[spring-security-web-6.5.6.jar:6.5.6]
	at org.springframework.security.web.context.request.async.WebAsyncManagerIntegrationFilter.doFilterInternal(WebAsyncManagerIntegrationFilter.java:62) ~[spring-security-web-6.5.6.jar:6.5.6]
	at org.springframework.web.filter.OncePerRequestFilter.doFilter(OncePerRequestFilter.java:116) ~[spring-web-6.2.12.jar:6.2.12]
	at org.springframework.security.web.ObservationFilterChainDecorator$ObservationFilter.wrapFilter(ObservationFilterChainDecorator.java:241) ~[spring-security-web-6.5.6.jar:6.5.6]
	at org.springframework.security.web.ObservationFilterChainDecorator$ObservationFilter.doFilter(ObservationFilterChainDecorator.java:228) ~[spring-security-web-6.5.6.jar:6.5.6]
	at org.springframework.security.web.ObservationFilterChainDecorator$VirtualFilterChain.doFilter(ObservationFilterChainDecorator.java:138) ~[spring-security-web-6.5.6.jar:6.5.6]
	at org.springframework.security.web.session.DisableEncodeUrlFilter.doFilterInternal(DisableEncodeUrlFilter.java:42) ~[spring-security-web-6.5.6.jar:6.5.6]
	at org.springframework.web.filter.OncePerRequestFilter.doFilter(OncePerRequestFilter.java:116) ~[spring-web-6.2.12.jar:6.2.12]
	at org.springframework.security.web.ObservationFilterChainDecorator$ObservationFilter.wrapFilter(ObservationFilterChainDecorator.java:241) ~[spring-security-web-6.5.6.jar:6.5.6]
	at org.springframework.security.web.ObservationFilterChainDecorator$AroundFilterObservation$SimpleAroundFilterObservation.lambda$wrap$0(ObservationFilterChainDecorator.java:334) ~[spring-security-web-6.5.6.jar:6.5.6]
	at org.springframework.security.web.ObservationFilterChainDecorator$ObservationFilter.doFilter(ObservationFilterChainDecorator.java:225) ~[spring-security-web-6.5.6.jar:6.5.6]
	at org.springframework.security.web.ObservationFilterChainDecorator$VirtualFilterChain.doFilter(ObservationFilterChainDecorator.java:138) ~[spring-security-web-6.5.6.jar:6.5.6]
	at org.springframework.security.web.FilterChainProxy.doFilterInternal(FilterChainProxy.java:233) ~[spring-security-web-6.5.6.jar:6.5.6]
	at org.springframework.security.web.FilterChainProxy.doFilter(FilterChainProxy.java:191) ~[spring-security-web-6.5.6.jar:6.5.6]
	at org.springframework.web.filter.CompositeFilter$VirtualFilterChain.doFilter(CompositeFilter.java:113) ~[spring-web-6.2.12.jar:6.2.12]
	at org.springframework.web.filter.ServletRequestPathFilter.doFilter(ServletRequestPathFilter.java:52) ~[spring-web-6.2.12.jar:6.2.12]
	at org.springframework.web.filter.CompositeFilter$VirtualFilterChain.doFilter(CompositeFilter.java:113) ~[spring-web-6.2.12.jar:6.2.12]
	at org.springframework.web.filter.CompositeFilter.doFilter(CompositeFilter.java:74) ~[spring-web-6.2.12.jar:6.2.12]
	at org.springframework.security.config.annotation.web.configuration.WebSecurityConfiguration$CompositeFilterChainProxy.doFilter(WebSecurityConfiguration.java:319) ~[spring-security-config-6.5.6.jar:6.5.6]
	at org.springframework.web.filter.CompositeFilter$VirtualFilterChain.doFilter(CompositeFilter.java:113) ~[spring-web-6.2.12.jar:6.2.12]
	at org.springframework.web.servlet.handler.HandlerMappingIntrospector.lambda$createCacheFilter$4(HandlerMappingIntrospector.java:267) ~[spring-webmvc-6.2.12.jar:6.2.12]
	at org.springframework.web.filter.CompositeFilter$VirtualFilterChain.doFilter(CompositeFilter.java:113) ~[spring-web-6.2.12.jar:6.2.12]
	at org.springframework.web.filter.CompositeFilter.doFilter(CompositeFilter.java:74) ~[spring-web-6.2.12.jar:6.2.12]
	at org.springframework.security.config.annotation.web.configuration.WebMvcSecurityConfiguration$CompositeFilterChainProxy.doFilter(WebMvcSecurityConfiguration.java:240) ~[spring-security-config-6.5.6.jar:6.5.6]
	at org.springframework.web.filter.DelegatingFilterProxy.invokeDelegate(DelegatingFilterProxy.java:362) ~[spring-web-6.2.12.jar:6.2.12]
	at org.springframework.web.filter.DelegatingFilterProxy.doFilter(DelegatingFilterProxy.java:278) ~[spring-web-6.2.12.jar:6.2.12]
	at org.apache.catalina.core.ApplicationFilterChain.internalDoFilter(ApplicationFilterChain.java:162) ~[tomcat-embed-core-10.1.48.jar:10.1.48]
	at org.apache.catalina.core.ApplicationFilterChain.doFilter(ApplicationFilterChain.java:138) ~[tomcat-embed-core-10.1.48.jar:10.1.48]
	at org.springframework.web.filter.RequestContextFilter.doFilterInternal(RequestContextFilter.java:100) ~[spring-web-6.2.12.jar:6.2.12]
	at org.springframework.web.filter.OncePerRequestFilter.doFilter(OncePerRequestFilter.java:116) ~[spring-web-6.2.12.jar:6.2.12]
	at org.apache.catalina.core.ApplicationFilterChain.internalDoFilter(ApplicationFilterChain.java:162) ~[tomcat-embed-core-10.1.48.jar:10.1.48]
	at org.apache.catalina.core.ApplicationFilterChain.doFilter(ApplicationFilterChain.java:138) ~[tomcat-embed-core-10.1.48.jar:10.1.48]
	at org.springframework.web.filter.FormContentFilter.doFilterInternal(FormContentFilter.java:93) ~[spring-web-6.2.12.jar:6.2.12]
	at org.springframework.web.filter.OncePerRequestFilter.doFilter(OncePerRequestFilter.java:116) ~[spring-web-6.2.12.jar:6.2.12]
	at org.apache.catalina.core.ApplicationFilterChain.internalDoFilter(ApplicationFilterChain.java:162) ~[tomcat-embed-core-10.1.48.jar:10.1.48]
	at org.apache.catalina.core.ApplicationFilterChain.doFilter(ApplicationFilterChain.java:138) ~[tomcat-embed-core-10.1.48.jar:10.1.48]
	at org.springframework.web.filter.ServerHttpObservationFilter.doFilterInternal(ServerHttpObservationFilter.java:110) ~[spring-web-6.2.12.jar:6.2.12]
	at org.springframework.web.filter.OncePerRequestFilter.doFilter(OncePerRequestFilter.java:116) ~[spring-web-6.2.12.jar:6.2.12]
	at org.apache.catalina.core.ApplicationFilterChain.internalDoFilter(ApplicationFilterChain.java:162) ~[tomcat-embed-core-10.1.48.jar:10.1.48]
	at org.apache.catalina.core.ApplicationFilterChain.doFilter(ApplicationFilterChain.java:138) ~[tomcat-embed-core-10.1.48.jar:10.1.48]
	at org.springframework.web.filter.CharacterEncodingFilter.doFilterInternal(CharacterEncodingFilter.java:201) ~[spring-web-6.2.12.jar:6.2.12]
	at org.springframework.web.filter.OncePerRequestFilter.doFilter(OncePerRequestFilter.java:116) ~[spring-web-6.2.12.jar:6.2.12]
	at org.apache.catalina.core.ApplicationFilterChain.internalDoFilter(ApplicationFilterChain.java:162) ~[tomcat-embed-core-10.1.48.jar:10.1.48]
	at org.apache.catalina.core.ApplicationFilterChain.doFilter(ApplicationFilterChain.java:138) ~[tomcat-embed-core-10.1.48.jar:10.1.48]
	at org.apache.catalina.core.StandardWrapperValve.invoke(StandardWrapperValve.java:165) ~[tomcat-embed-core-10.1.48.jar:10.1.48]
	at org.apache.catalina.core.StandardContextValve.invoke(StandardContextValve.java:88) ~[tomcat-embed-core-10.1.48.jar:10.1.48]
	at org.apache.catalina.authenticator.AuthenticatorBase.invoke(AuthenticatorBase.java:482) ~[tomcat-embed-core-10.1.48.jar:10.1.48]
	at org.apache.catalina.core.StandardHostValve.invoke(StandardHostValve.java:113) ~[tomcat-embed-core-10.1.48.jar:10.1.48]
	at org.apache.catalina.valves.ErrorReportValve.invoke(ErrorReportValve.java:83) ~[tomcat-embed-core-10.1.48.jar:10.1.48]
	at org.apache.catalina.core.StandardEngineValve.invoke(StandardEngineValve.java:72) ~[tomcat-embed-core-10.1.48.jar:10.1.48]
	at org.apache.catalina.connector.CoyoteAdapter.service(CoyoteAdapter.java:342) ~[tomcat-embed-core-10.1.48.jar:10.1.48]
	at org.apache.coyote.http11.Http11Processor.service(Http11Processor.java:399) ~[tomcat-embed-core-10.1.48.jar:10.1.48]
	at org.apache.coyote.AbstractProcessorLight.process(AbstractProcessorLight.java:63) ~[tomcat-embed-core-10.1.48.jar:10.1.48]
	at org.apache.coyote.AbstractProtocol$ConnectionHandler.process(AbstractProtocol.java:903) ~[tomcat-embed-core-10.1.48.jar:10.1.48]
	at org.apache.tomcat.util.net.NioEndpoint$SocketProcessor.doRun(NioEndpoint.java:1774) ~[tomcat-embed-core-10.1.48.jar:10.1.48]
	at org.apache.tomcat.util.net.SocketProcessorBase.run(SocketProcessorBase.java:52) ~[tomcat-embed-core-10.1.48.jar:10.1.48]
	at org.apache.tomcat.util.threads.ThreadPoolExecutor.runWorker(ThreadPoolExecutor.java:973) ~[tomcat-embed-core-10.1.48.jar:10.1.48]
	at org.apache.tomcat.util.threads.ThreadPoolExecutor$Worker.run(ThreadPoolExecutor.java:491) ~[tomcat-embed-core-10.1.48.jar:10.1.48]
	at org.apache.tomcat.util.threads.TaskThread$WrappingRunnable.run(TaskThread.java:63) ~[tomcat-embed-core-10.1.48.jar:10.1.48]
	at java.base/java.lang.Thread.run(Thread.java:1583) ~[na:na]

2026-02-05T01:09:26.412Z DEBUG 35576 --- [auth-service] [http-nio-8081-exec-5] o.s.security.web.FilterChainProxy        : Securing GET /cgi/get.cgi?cmd=home_login
2026-02-05T01:09:26.412Z DEBUG 35576 --- [auth-service] [http-nio-8081-exec-5] o.s.s.w.a.AnonymousAuthenticationFilter  : Set SecurityContextHolder to anonymous SecurityContext
2026-02-05T01:09:26.412Z DEBUG 35576 --- [auth-service] [http-nio-8081-exec-5] o.s.security.web.FilterChainProxy        : Secured GET /cgi/get.cgi?cmd=home_login
2026-02-05T01:09:26.417Z ERROR 35576 --- [auth-service] [http-nio-8081-exec-5] c.a.a.exception.GlobalExceptionHandler   : Erro inesperado: No static resource cgi/get.cgi.

org.springframework.web.servlet.resource.NoResourceFoundException: No static resource cgi/get.cgi.
	at org.springframework.web.servlet.resource.ResourceHttpRequestHandler.handleRequest(ResourceHttpRequestHandler.java:585) ~[spring-webmvc-6.2.12.jar:6.2.12]
	at org.springframework.web.servlet.mvc.HttpRequestHandlerAdapter.handle(HttpRequestHandlerAdapter.java:52) ~[spring-webmvc-6.2.12.jar:6.2.12]
	at org.springframework.web.servlet.DispatcherServlet.doDispatch(DispatcherServlet.java:1089) ~[spring-webmvc-6.2.12.jar:6.2.12]
	at org.springframework.web.servlet.DispatcherServlet.doService(DispatcherServlet.java:979) ~[spring-webmvc-6.2.12.jar:6.2.12]
	at org.springframework.web.servlet.FrameworkServlet.processRequest(FrameworkServlet.java:1014) ~[spring-webmvc-6.2.12.jar:6.2.12]
	at org.springframework.web.servlet.FrameworkServlet.doGet(FrameworkServlet.java:903) ~[spring-webmvc-6.2.12.jar:6.2.12]
	at jakarta.servlet.http.HttpServlet.service(HttpServlet.java:564) ~[tomcat-embed-core-10.1.48.jar:6.0]
	at org.springframework.web.servlet.FrameworkServlet.service(FrameworkServlet.java:885) ~[spring-webmvc-6.2.12.jar:6.2.12]
	at jakarta.servlet.http.HttpServlet.service(HttpServlet.java:658) ~[tomcat-embed-core-10.1.48.jar:6.0]
	at org.apache.catalina.core.ApplicationFilterChain.internalDoFilter(ApplicationFilterChain.java:193) ~[tomcat-embed-core-10.1.48.jar:10.1.48]
	at org.apache.catalina.core.ApplicationFilterChain.doFilter(ApplicationFilterChain.java:138) ~[tomcat-embed-core-10.1.48.jar:10.1.48]
	at org.apache.tomcat.websocket.server.WsFilter.doFilter(WsFilter.java:51) ~[tomcat-embed-websocket-10.1.48.jar:10.1.48]
	at org.apache.catalina.core.ApplicationFilterChain.internalDoFilter(ApplicationFilterChain.java:162) ~[tomcat-embed-core-10.1.48.jar:10.1.48]
	at org.apache.catalina.core.ApplicationFilterChain.doFilter(ApplicationFilterChain.java:138) ~[tomcat-embed-core-10.1.48.jar:10.1.48]
	at org.springframework.web.filter.CompositeFilter$VirtualFilterChain.doFilter(CompositeFilter.java:108) ~[spring-web-6.2.12.jar:6.2.12]
	at org.springframework.web.filter.CompositeFilter$VirtualFilterChain.doFilter(CompositeFilter.java:108) ~[spring-web-6.2.12.jar:6.2.12]
	at org.springframework.security.web.FilterChainProxy.lambda$doFilterInternal$3(FilterChainProxy.java:231) ~[spring-security-web-6.5.6.jar:6.5.6]
	at org.springframework.security.web.ObservationFilterChainDecorator$FilterObservation$SimpleFilterObservation.lambda$wrap$1(ObservationFilterChainDecorator.java:490) ~[spring-security-web-6.5.6.jar:6.5.6]
	at org.springframework.security.web.ObservationFilterChainDecorator$AroundFilterObservation$SimpleAroundFilterObservation.lambda$wrap$1(ObservationFilterChainDecorator.java:351) ~[spring-security-web-6.5.6.jar:6.5.6]
	at org.springframework.security.web.ObservationFilterChainDecorator.lambda$wrapSecured$0(ObservationFilterChainDecorator.java:83) ~[spring-security-web-6.5.6.jar:6.5.6]
	at org.springframework.security.web.ObservationFilterChainDecorator$VirtualFilterChain.doFilter(ObservationFilterChainDecorator.java:129) ~[spring-security-web-6.5.6.jar:6.5.6]
	at org.springframework.security.web.access.intercept.AuthorizationFilter.doFilter(AuthorizationFilter.java:101) ~[spring-security-web-6.5.6.jar:6.5.6]
	at org.springframework.security.web.ObservationFilterChainDecorator$ObservationFilter.wrapFilter(ObservationFilterChainDecorator.java:241) ~[spring-security-web-6.5.6.jar:6.5.6]
	at org.springframework.security.web.ObservationFilterChainDecorator$ObservationFilter.doFilter(ObservationFilterChainDecorator.java:228) ~[spring-security-web-6.5.6.jar:6.5.6]
	at org.springframework.security.web.ObservationFilterChainDecorator$VirtualFilterChain.doFilter(ObservationFilterChainDecorator.java:138) ~[spring-security-web-6.5.6.jar:6.5.6]
	at org.springframework.security.web.access.ExceptionTranslationFilter.doFilter(ExceptionTranslationFilter.java:125) ~[spring-security-web-6.5.6.jar:6.5.6]
	at org.springframework.security.web.access.ExceptionTranslationFilter.doFilter(ExceptionTranslationFilter.java:119) ~[spring-security-web-6.5.6.jar:6.5.6]
	at org.springframework.security.web.ObservationFilterChainDecorator$ObservationFilter.wrapFilter(ObservationFilterChainDecorator.java:241) ~[spring-security-web-6.5.6.jar:6.5.6]
	at org.springframework.security.web.ObservationFilterChainDecorator$ObservationFilter.doFilter(ObservationFilterChainDecorator.java:228) ~[spring-security-web-6.5.6.jar:6.5.6]
	at org.springframework.security.web.ObservationFilterChainDecorator$VirtualFilterChain.doFilter(ObservationFilterChainDecorator.java:138) ~[spring-security-web-6.5.6.jar:6.5.6]
	at org.springframework.security.web.session.SessionManagementFilter.doFilter(SessionManagementFilter.java:131) ~[spring-security-web-6.5.6.jar:6.5.6]
	at org.springframework.security.web.session.SessionManagementFilter.doFilter(SessionManagementFilter.java:85) ~[spring-security-web-6.5.6.jar:6.5.6]
	at org.springframework.security.web.ObservationFilterChainDecorator$ObservationFilter.wrapFilter(ObservationFilterChainDecorator.java:241) ~[spring-security-web-6.5.6.jar:6.5.6]
	at org.springframework.security.web.ObservationFilterChainDecorator$ObservationFilter.doFilter(ObservationFilterChainDecorator.java:228) ~[spring-security-web-6.5.6.jar:6.5.6]
	at org.springframework.security.web.ObservationFilterChainDecorator$VirtualFilterChain.doFilter(ObservationFilterChainDecorator.java:138) ~[spring-security-web-6.5.6.jar:6.5.6]
	at org.springframework.security.web.authentication.AnonymousAuthenticationFilter.doFilter(AnonymousAuthenticationFilter.java:100) ~[spring-security-web-6.5.6.jar:6.5.6]
	at org.springframework.security.web.ObservationFilterChainDecorator$ObservationFilter.wrapFilter(ObservationFilterChainDecorator.java:241) ~[spring-security-web-6.5.6.jar:6.5.6]
	at org.springframework.security.web.ObservationFilterChainDecorator$ObservationFilter.doFilter(ObservationFilterChainDecorator.java:228) ~[spring-security-web-6.5.6.jar:6.5.6]
	at org.springframework.security.web.ObservationFilterChainDecorator$VirtualFilterChain.doFilter(ObservationFilterChainDecorator.java:138) ~[spring-security-web-6.5.6.jar:6.5.6]
	at org.springframework.security.web.servletapi.SecurityContextHolderAwareRequestFilter.doFilter(SecurityContextHolderAwareRequestFilter.java:179) ~[spring-security-web-6.5.6.jar:6.5.6]
	at org.springframework.security.web.ObservationFilterChainDecorator$ObservationFilter.wrapFilter(ObservationFilterChainDecorator.java:241) ~[spring-security-web-6.5.6.jar:6.5.6]
	at org.springframework.security.web.ObservationFilterChainDecorator$ObservationFilter.doFilter(ObservationFilterChainDecorator.java:228) ~[spring-security-web-6.5.6.jar:6.5.6]
	at org.springframework.security.web.ObservationFilterChainDecorator$VirtualFilterChain.doFilter(ObservationFilterChainDecorator.java:138) ~[spring-security-web-6.5.6.jar:6.5.6]
	at org.springframework.security.web.savedrequest.RequestCacheAwareFilter.doFilter(RequestCacheAwareFilter.java:63) ~[spring-security-web-6.5.6.jar:6.5.6]
	at org.springframework.security.web.ObservationFilterChainDecorator$ObservationFilter.wrapFilter(ObservationFilterChainDecorator.java:241) ~[spring-security-web-6.5.6.jar:6.5.6]
	at org.springframework.security.web.ObservationFilterChainDecorator$ObservationFilter.doFilter(ObservationFilterChainDecorator.java:228) ~[spring-security-web-6.5.6.jar:6.5.6]
	at org.springframework.security.web.ObservationFilterChainDecorator$VirtualFilterChain.doFilter(ObservationFilterChainDecorator.java:138) ~[spring-security-web-6.5.6.jar:6.5.6]
	at org.springframework.security.web.authentication.logout.LogoutFilter.doFilter(LogoutFilter.java:107) ~[spring-security-web-6.5.6.jar:6.5.6]
	at org.springframework.security.web.authentication.logout.LogoutFilter.doFilter(LogoutFilter.java:93) ~[spring-security-web-6.5.6.jar:6.5.6]
	at org.springframework.security.web.ObservationFilterChainDecorator$ObservationFilter.wrapFilter(ObservationFilterChainDecorator.java:241) ~[spring-security-web-6.5.6.jar:6.5.6]
	at org.springframework.security.web.ObservationFilterChainDecorator$ObservationFilter.doFilter(ObservationFilterChainDecorator.java:228) ~[spring-security-web-6.5.6.jar:6.5.6]
	at org.springframework.security.web.ObservationFilterChainDecorator$VirtualFilterChain.doFilter(ObservationFilterChainDecorator.java:138) ~[spring-security-web-6.5.6.jar:6.5.6]
	at org.springframework.web.filter.CorsFilter.doFilterInternal(CorsFilter.java:91) ~[spring-web-6.2.12.jar:6.2.12]
	at org.springframework.web.filter.OncePerRequestFilter.doFilter(OncePerRequestFilter.java:116) ~[spring-web-6.2.12.jar:6.2.12]
	at org.springframework.security.web.ObservationFilterChainDecorator$ObservationFilter.wrapFilter(ObservationFilterChainDecorator.java:241) ~[spring-security-web-6.5.6.jar:6.5.6]
	at org.springframework.security.web.ObservationFilterChainDecorator$ObservationFilter.doFilter(ObservationFilterChainDecorator.java:228) ~[spring-security-web-6.5.6.jar:6.5.6]
	at org.springframework.security.web.ObservationFilterChainDecorator$VirtualFilterChain.doFilter(ObservationFilterChainDecorator.java:138) ~[spring-security-web-6.5.6.jar:6.5.6]
	at org.springframework.security.web.header.HeaderWriterFilter.doHeadersAfter(HeaderWriterFilter.java:90) ~[spring-security-web-6.5.6.jar:6.5.6]
	at org.springframework.security.web.header.HeaderWriterFilter.doFilterInternal(HeaderWriterFilter.java:75) ~[spring-security-web-6.5.6.jar:6.5.6]
	at org.springframework.web.filter.OncePerRequestFilter.doFilter(OncePerRequestFilter.java:116) ~[spring-web-6.2.12.jar:6.2.12]
	at org.springframework.security.web.ObservationFilterChainDecorator$ObservationFilter.wrapFilter(ObservationFilterChainDecorator.java:241) ~[spring-security-web-6.5.6.jar:6.5.6]
	at org.springframework.security.web.ObservationFilterChainDecorator$ObservationFilter.doFilter(ObservationFilterChainDecorator.java:228) ~[spring-security-web-6.5.6.jar:6.5.6]
	at org.springframework.security.web.ObservationFilterChainDecorator$VirtualFilterChain.doFilter(ObservationFilterChainDecorator.java:138) ~[spring-security-web-6.5.6.jar:6.5.6]
	at org.springframework.security.web.context.SecurityContextHolderFilter.doFilter(SecurityContextHolderFilter.java:82) ~[spring-security-web-6.5.6.jar:6.5.6]
	at org.springframework.security.web.context.SecurityContextHolderFilter.doFilter(SecurityContextHolderFilter.java:69) ~[spring-security-web-6.5.6.jar:6.5.6]
	at org.springframework.security.web.ObservationFilterChainDecorator$ObservationFilter.wrapFilter(ObservationFilterChainDecorator.java:241) ~[spring-security-web-6.5.6.jar:6.5.6]
	at org.springframework.security.web.ObservationFilterChainDecorator$ObservationFilter.doFilter(ObservationFilterChainDecorator.java:228) ~[spring-security-web-6.5.6.jar:6.5.6]
	at org.springframework.security.web.ObservationFilterChainDecorator$VirtualFilterChain.doFilter(ObservationFilterChainDecorator.java:138) ~[spring-security-web-6.5.6.jar:6.5.6]
	at org.springframework.security.web.context.request.async.WebAsyncManagerIntegrationFilter.doFilterInternal(WebAsyncManagerIntegrationFilter.java:62) ~[spring-security-web-6.5.6.jar:6.5.6]
	at org.springframework.web.filter.OncePerRequestFilter.doFilter(OncePerRequestFilter.java:116) ~[spring-web-6.2.12.jar:6.2.12]
	at org.springframework.security.web.ObservationFilterChainDecorator$ObservationFilter.wrapFilter(ObservationFilterChainDecorator.java:241) ~[spring-security-web-6.5.6.jar:6.5.6]
	at org.springframework.security.web.ObservationFilterChainDecorator$ObservationFilter.doFilter(ObservationFilterChainDecorator.java:228) ~[spring-security-web-6.5.6.jar:6.5.6]
	at org.springframework.security.web.ObservationFilterChainDecorator$VirtualFilterChain.doFilter(ObservationFilterChainDecorator.java:138) ~[spring-security-web-6.5.6.jar:6.5.6]
	at org.springframework.security.web.session.DisableEncodeUrlFilter.doFilterInternal(DisableEncodeUrlFilter.java:42) ~[spring-security-web-6.5.6.jar:6.5.6]
	at org.springframework.web.filter.OncePerRequestFilter.doFilter(OncePerRequestFilter.java:116) ~[spring-web-6.2.12.jar:6.2.12]
	at org.springframework.security.web.ObservationFilterChainDecorator$ObservationFilter.wrapFilter(ObservationFilterChainDecorator.java:241) ~[spring-security-web-6.5.6.jar:6.5.6]
	at org.springframework.security.web.ObservationFilterChainDecorator$AroundFilterObservation$SimpleAroundFilterObservation.lambda$wrap$0(ObservationFilterChainDecorator.java:334) ~[spring-security-web-6.5.6.jar:6.5.6]
	at org.springframework.security.web.ObservationFilterChainDecorator$ObservationFilter.doFilter(ObservationFilterChainDecorator.java:225) ~[spring-security-web-6.5.6.jar:6.5.6]
	at org.springframework.security.web.ObservationFilterChainDecorator$VirtualFilterChain.doFilter(ObservationFilterChainDecorator.java:138) ~[spring-security-web-6.5.6.jar:6.5.6]
	at org.springframework.security.web.FilterChainProxy.doFilterInternal(FilterChainProxy.java:233) ~[spring-security-web-6.5.6.jar:6.5.6]
	at org.springframework.security.web.FilterChainProxy.doFilter(FilterChainProxy.java:191) ~[spring-security-web-6.5.6.jar:6.5.6]
	at org.springframework.web.filter.CompositeFilter$VirtualFilterChain.doFilter(CompositeFilter.java:113) ~[spring-web-6.2.12.jar:6.2.12]
	at org.springframework.web.filter.ServletRequestPathFilter.doFilter(ServletRequestPathFilter.java:52) ~[spring-web-6.2.12.jar:6.2.12]
	at org.springframework.web.filter.CompositeFilter$VirtualFilterChain.doFilter(CompositeFilter.java:113) ~[spring-web-6.2.12.jar:6.2.12]
	at org.springframework.web.filter.CompositeFilter.doFilter(CompositeFilter.java:74) ~[spring-web-6.2.12.jar:6.2.12]
	at org.springframework.security.config.annotation.web.configuration.WebSecurityConfiguration$CompositeFilterChainProxy.doFilter(WebSecurityConfiguration.java:319) ~[spring-security-config-6.5.6.jar:6.5.6]
	at org.springframework.web.filter.CompositeFilter$VirtualFilterChain.doFilter(CompositeFilter.java:113) ~[spring-web-6.2.12.jar:6.2.12]
	at org.springframework.web.servlet.handler.HandlerMappingIntrospector.lambda$createCacheFilter$4(HandlerMappingIntrospector.java:267) ~[spring-webmvc-6.2.12.jar:6.2.12]
	at org.springframework.web.filter.CompositeFilter$VirtualFilterChain.doFilter(CompositeFilter.java:113) ~[spring-web-6.2.12.jar:6.2.12]
	at org.springframework.web.filter.CompositeFilter.doFilter(CompositeFilter.java:74) ~[spring-web-6.2.12.jar:6.2.12]
	at org.springframework.security.config.annotation.web.configuration.WebMvcSecurityConfiguration$CompositeFilterChainProxy.doFilter(WebMvcSecurityConfiguration.java:240) ~[spring-security-config-6.5.6.jar:6.5.6]
	at org.springframework.web.filter.DelegatingFilterProxy.invokeDelegate(DelegatingFilterProxy.java:362) ~[spring-web-6.2.12.jar:6.2.12]
	at org.springframework.web.filter.DelegatingFilterProxy.doFilter(DelegatingFilterProxy.java:278) ~[spring-web-6.2.12.jar:6.2.12]
	at org.apache.catalina.core.ApplicationFilterChain.internalDoFilter(ApplicationFilterChain.java:162) ~[tomcat-embed-core-10.1.48.jar:10.1.48]
	at org.apache.catalina.core.ApplicationFilterChain.doFilter(ApplicationFilterChain.java:138) ~[tomcat-embed-core-10.1.48.jar:10.1.48]
	at org.springframework.web.filter.RequestContextFilter.doFilterInternal(RequestContextFilter.java:100) ~[spring-web-6.2.12.jar:6.2.12]
	at org.springframework.web.filter.OncePerRequestFilter.doFilter(OncePerRequestFilter.java:116) ~[spring-web-6.2.12.jar:6.2.12]
	at org.apache.catalina.core.ApplicationFilterChain.internalDoFilter(ApplicationFilterChain.java:162) ~[tomcat-embed-core-10.1.48.jar:10.1.48]
	at org.apache.catalina.core.ApplicationFilterChain.doFilter(ApplicationFilterChain.java:138) ~[tomcat-embed-core-10.1.48.jar:10.1.48]
	at org.springframework.web.filter.FormContentFilter.doFilterInternal(FormContentFilter.java:93) ~[spring-web-6.2.12.jar:6.2.12]
	at org.springframework.web.filter.OncePerRequestFilter.doFilter(OncePerRequestFilter.java:116) ~[spring-web-6.2.12.jar:6.2.12]
	at org.apache.catalina.core.ApplicationFilterChain.internalDoFilter(ApplicationFilterChain.java:162) ~[tomcat-embed-core-10.1.48.jar:10.1.48]
	at org.apache.catalina.core.ApplicationFilterChain.doFilter(ApplicationFilterChain.java:138) ~[tomcat-embed-core-10.1.48.jar:10.1.48]
	at org.springframework.web.filter.ServerHttpObservationFilter.doFilterInternal(ServerHttpObservationFilter.java:110) ~[spring-web-6.2.12.jar:6.2.12]
	at org.springframework.web.filter.OncePerRequestFilter.doFilter(OncePerRequestFilter.java:116) ~[spring-web-6.2.12.jar:6.2.12]
	at org.apache.catalina.core.ApplicationFilterChain.internalDoFilter(ApplicationFilterChain.java:162) ~[tomcat-embed-core-10.1.48.jar:10.1.48]
	at org.apache.catalina.core.ApplicationFilterChain.doFilter(ApplicationFilterChain.java:138) ~[tomcat-embed-core-10.1.48.jar:10.1.48]
	at org.springframework.web.filter.CharacterEncodingFilter.doFilterInternal(CharacterEncodingFilter.java:201) ~[spring-web-6.2.12.jar:6.2.12]
	at org.springframework.web.filter.OncePerRequestFilter.doFilter(OncePerRequestFilter.java:116) ~[spring-web-6.2.12.jar:6.2.12]
	at org.apache.catalina.core.ApplicationFilterChain.internalDoFilter(ApplicationFilterChain.java:162) ~[tomcat-embed-core-10.1.48.jar:10.1.48]
	at org.apache.catalina.core.ApplicationFilterChain.doFilter(ApplicationFilterChain.java:138) ~[tomcat-embed-core-10.1.48.jar:10.1.48]
	at org.apache.catalina.core.StandardWrapperValve.invoke(StandardWrapperValve.java:165) ~[tomcat-embed-core-10.1.48.jar:10.1.48]
	at org.apache.catalina.core.StandardContextValve.invoke(StandardContextValve.java:88) ~[tomcat-embed-core-10.1.48.jar:10.1.48]
	at org.apache.catalina.authenticator.AuthenticatorBase.invoke(AuthenticatorBase.java:482) ~[tomcat-embed-core-10.1.48.jar:10.1.48]
	at org.apache.catalina.core.StandardHostValve.invoke(StandardHostValve.java:113) ~[tomcat-embed-core-10.1.48.jar:10.1.48]
	at org.apache.catalina.valves.ErrorReportValve.invoke(ErrorReportValve.java:83) ~[tomcat-embed-core-10.1.48.jar:10.1.48]
	at org.apache.catalina.core.StandardEngineValve.invoke(StandardEngineValve.java:72) ~[tomcat-embed-core-10.1.48.jar:10.1.48]
	at org.apache.catalina.connector.CoyoteAdapter.service(CoyoteAdapter.java:342) ~[tomcat-embed-core-10.1.48.jar:10.1.48]
	at org.apache.coyote.http11.Http11Processor.service(Http11Processor.java:399) ~[tomcat-embed-core-10.1.48.jar:10.1.48]
	at org.apache.coyote.AbstractProcessorLight.process(AbstractProcessorLight.java:63) ~[tomcat-embed-core-10.1.48.jar:10.1.48]
	at org.apache.coyote.AbstractProtocol$ConnectionHandler.process(AbstractProtocol.java:903) ~[tomcat-embed-core-10.1.48.jar:10.1.48]
	at org.apache.tomcat.util.net.NioEndpoint$SocketProcessor.doRun(NioEndpoint.java:1774) ~[tomcat-embed-core-10.1.48.jar:10.1.48]
	at org.apache.tomcat.util.net.SocketProcessorBase.run(SocketProcessorBase.java:52) ~[tomcat-embed-core-10.1.48.jar:10.1.48]
	at org.apache.tomcat.util.threads.ThreadPoolExecutor.runWorker(ThreadPoolExecutor.java:973) ~[tomcat-embed-core-10.1.48.jar:10.1.48]
	at org.apache.tomcat.util.threads.ThreadPoolExecutor$Worker.run(ThreadPoolExecutor.java:491) ~[tomcat-embed-core-10.1.48.jar:10.1.48]
	at org.apache.tomcat.util.threads.TaskThread$WrappingRunnable.run(TaskThread.java:63) ~[tomcat-embed-core-10.1.48.jar:10.1.48]
	at java.base/java.lang.Thread.run(Thread.java:1583) ~[na:na]

2026-02-05T01:14:39.615Z DEBUG 35576 --- [auth-service] [http-nio-8081-exec-6] o.s.security.web.FilterChainProxy        : Securing POST /api/auth/login
2026-02-05T01:14:39.615Z DEBUG 35576 --- [auth-service] [http-nio-8081-exec-6] o.s.s.w.a.AnonymousAuthenticationFilter  : Set SecurityContextHolder to anonymous SecurityContext
2026-02-05T01:14:39.616Z DEBUG 35576 --- [auth-service] [http-nio-8081-exec-6] o.s.security.web.FilterChainProxy        : Secured POST /api/auth/login
2026-02-05T01:14:39.643Z  INFO 35576 --- [auth-service] [http-nio-8081-exec-6] c.a.a.s.impl.CustomUserDetailsService    : Carregando usuário: neto
2026-02-05T01:14:39.643Z  INFO 35576 --- [auth-service] [http-nio-8081-exec-6] c.a.a.s.impl.CustomUserDetailsService    : Role do banco: ESTAGIARIO
2026-02-05T01:14:39.643Z  INFO 35576 --- [auth-service] [http-nio-8081-exec-6] c.a.a.s.impl.CustomUserDetailsService    : Authorities configuradas: [ROLE_ESTAGIARIO]
2026-02-05T01:14:39.710Z DEBUG 35576 --- [auth-service] [http-nio-8081-exec-6] o.s.s.a.dao.DaoAuthenticationProvider    : Authenticated user
2026-02-05T01:14:39.713Z  INFO 35576 --- [auth-service] [http-nio-8081-exec-6] c.a.a.controller.AuthController          : MFA requerido para o utilizador: neto
2026-02-05T01:15:06.176Z DEBUG 35576 --- [auth-service] [http-nio-8081-exec-7] o.s.security.web.FilterChainProxy        : Securing POST /api/auth/verify-mfa
2026-02-05T01:15:06.176Z DEBUG 35576 --- [auth-service] [http-nio-8081-exec-7] o.s.s.w.a.AnonymousAuthenticationFilter  : Set SecurityContextHolder to anonymous SecurityContext
2026-02-05T01:15:06.177Z DEBUG 35576 --- [auth-service] [http-nio-8081-exec-7] o.s.security.web.FilterChainProxy        : Secured POST /api/auth/verify-mfa
2026-02-05T01:15:47.700Z DEBUG 35576 --- [auth-service] [http-nio-8081-exec-8] o.s.security.web.FilterChainProxy        : Securing GET /api/v1/projects?username=neto
2026-02-05T01:15:47.701Z DEBUG 35576 --- [auth-service] [http-nio-8081-exec-8] o.s.s.w.a.AnonymousAuthenticationFilter  : Set SecurityContextHolder to anonymous SecurityContext
2026-02-05T01:15:47.701Z DEBUG 35576 --- [auth-service] [http-nio-8081-exec-8] o.s.security.web.FilterChainProxy        : Secured GET /api/v1/projects?username=neto
2026-02-05T01:15:47.719Z DEBUG 35576 --- [auth-service] [http-nio-8081-exec-9] o.s.security.web.FilterChainProxy        : Securing GET /api/v1/projects?username=neto
2026-02-05T01:15:47.720Z DEBUG 35576 --- [auth-service] [http-nio-8081-exec-9] o.s.s.w.a.AnonymousAuthenticationFilter  : Set SecurityContextHolder to anonymous SecurityContext
2026-02-05T01:15:47.720Z DEBUG 35576 --- [auth-service] [http-nio-8081-exec-9] o.s.security.web.FilterChainProxy        : Secured GET /api/v1/projects?username=neto
2026-02-05T01:15:55.973Z DEBUG 35576 --- [auth-service] [http-nio-8081-exec-10] o.s.security.web.FilterChainProxy        : Securing PUT /api/auth/updateProfile?username=neto&publicUrl=https://treg-s3-bucket.s3.eu-north-1.amazonaws.com/dev/uploads/users/neto/profile/neto.jpg
2026-02-05T01:15:55.973Z DEBUG 35576 --- [auth-service] [http-nio-8081-exec-10] o.s.s.w.a.AnonymousAuthenticationFilter  : Set SecurityContextHolder to anonymous SecurityContext
2026-02-05T01:15:55.973Z DEBUG 35576 --- [auth-service] [http-nio-8081-exec-10] o.s.security.web.FilterChainProxy        : Secured PUT /api/auth/updateProfile?username=neto&publicUrl=https://treg-s3-bucket.s3.eu-north-1.amazonaws.com/dev/uploads/users/neto/profile/neto.jpg
2026-02-05T01:23:42.423Z DEBUG 35576 --- [auth-service] [http-nio-8081-exec-3] o.s.security.web.FilterChainProxy        : Securing GET /api/v1/projects?username=neto
2026-02-05T01:23:42.423Z DEBUG 35576 --- [auth-service] [http-nio-8081-exec-3] o.s.s.w.a.AnonymousAuthenticationFilter  : Set SecurityContextHolder to anonymous SecurityContext
2026-02-05T01:23:42.423Z DEBUG 35576 --- [auth-service] [http-nio-8081-exec-3] o.s.security.web.FilterChainProxy        : Secured GET /api/v1/projects?username=neto
2026-02-05T01:23:42.442Z DEBUG 35576 --- [auth-service] [http-nio-8081-exec-4] o.s.security.web.FilterChainProxy        : Securing GET /api/v1/projects?username=neto
2026-02-05T01:23:42.442Z DEBUG 35576 --- [auth-service] [http-nio-8081-exec-4] o.s.s.w.a.AnonymousAuthenticationFilter  : Set SecurityContextHolder to anonymous SecurityContext
2026-02-05T01:23:42.442Z DEBUG 35576 --- [auth-service] [http-nio-8081-exec-4] o.s.security.web.FilterChainProxy        : Secured GET /api/v1/projects?username=neto
2026-02-05T01:25:10.195Z DEBUG 35576 --- [auth-service] [http-nio-8081-exec-6] o.s.security.web.FilterChainProxy        : Securing GET /api/v1/projects?username=neto
2026-02-05T01:25:10.196Z DEBUG 35576 --- [auth-service] [http-nio-8081-exec-6] o.s.s.w.a.AnonymousAuthenticationFilter  : Set SecurityContextHolder to anonymous SecurityContext
2026-02-05T01:25:10.196Z DEBUG 35576 --- [auth-service] [http-nio-8081-exec-6] o.s.security.web.FilterChainProxy        : Secured GET /api/v1/projects?username=neto
2026-02-05T01:25:10.210Z DEBUG 35576 --- [auth-service] [http-nio-8081-exec-7] o.s.security.web.FilterChainProxy        : Securing GET /api/v1/projects?username=neto
2026-02-05T01:25:10.211Z DEBUG 35576 --- [auth-service] [http-nio-8081-exec-7] o.s.s.w.a.AnonymousAuthenticationFilter  : Set SecurityContextHolder to anonymous SecurityContext
2026-02-05T01:25:10.211Z DEBUG 35576 --- [auth-service] [http-nio-8081-exec-7] o.s.security.web.FilterChainProxy        : Secured GET /api/v1/projects?username=neto
2026-02-05T01:25:34.636Z DEBUG 35576 --- [auth-service] [http-nio-8081-exec-8] o.s.security.web.FilterChainProxy        : Securing POST /api/auth/login
2026-02-05T01:25:34.636Z DEBUG 35576 --- [auth-service] [http-nio-8081-exec-8] o.s.s.w.a.AnonymousAuthenticationFilter  : Set SecurityContextHolder to anonymous SecurityContext
2026-02-05T01:25:34.636Z DEBUG 35576 --- [auth-service] [http-nio-8081-exec-8] o.s.security.web.FilterChainProxy        : Secured POST /api/auth/login
2026-02-05T01:25:34.644Z  INFO 35576 --- [auth-service] [http-nio-8081-exec-8] c.a.a.s.impl.CustomUserDetailsService    : Carregando usuário: neto
2026-02-05T01:25:34.644Z  INFO 35576 --- [auth-service] [http-nio-8081-exec-8] c.a.a.s.impl.CustomUserDetailsService    : Role do banco: ESTAGIARIO
2026-02-05T01:25:34.644Z  INFO 35576 --- [auth-service] [http-nio-8081-exec-8] c.a.a.s.impl.CustomUserDetailsService    : Authorities configuradas: [ROLE_ESTAGIARIO]
2026-02-05T01:25:34.710Z DEBUG 35576 --- [auth-service] [http-nio-8081-exec-8] o.s.s.a.dao.DaoAuthenticationProvider    : Authenticated user
2026-02-05T01:25:34.715Z  INFO 35576 --- [auth-service] [http-nio-8081-exec-8] c.a.a.controller.AuthController          : MFA requerido para o utilizador: neto
2026-02-05T01:25:47.988Z DEBUG 35576 --- [auth-service] [http-nio-8081-exec-9] o.s.security.web.FilterChainProxy        : Securing POST /api/auth/verify-mfa
2026-02-05T01:25:47.989Z DEBUG 35576 --- [auth-service] [http-nio-8081-exec-9] o.s.s.w.a.AnonymousAuthenticationFilter  : Set SecurityContextHolder to anonymous SecurityContext
2026-02-05T01:25:47.989Z DEBUG 35576 --- [auth-service] [http-nio-8081-exec-9] o.s.security.web.FilterChainProxy        : Secured POST /api/auth/verify-mfa
2026-02-05T01:25:48.065Z DEBUG 35576 --- [auth-service] [http-nio-8081-exec-10] o.s.security.web.FilterChainProxy        : Securing GET /api/v1/projects?username=neto
2026-02-05T01:25:48.065Z DEBUG 35576 --- [auth-service] [http-nio-8081-exec-10] o.s.s.w.a.AnonymousAuthenticationFilter  : Set SecurityContextHolder to anonymous SecurityContext
2026-02-05T01:25:48.066Z DEBUG 35576 --- [auth-service] [http-nio-8081-exec-10] o.s.security.web.FilterChainProxy        : Secured GET /api/v1/projects?username=neto
2026-02-05T01:25:48.080Z DEBUG 35576 --- [auth-service] [http-nio-8081-exec-1] o.s.security.web.FilterChainProxy        : Securing GET /api/v1/projects?username=neto
2026-02-05T01:25:48.080Z DEBUG 35576 --- [auth-service] [http-nio-8081-exec-1] o.s.s.w.a.AnonymousAuthenticationFilter  : Set SecurityContextHolder to anonymous SecurityContext
2026-02-05T01:25:48.081Z DEBUG 35576 --- [auth-service] [http-nio-8081-exec-1] o.s.security.web.FilterChainProxy        : Secured GET /api/v1/projects?username=neto
2026-02-05T01:25:51.997Z DEBUG 35576 --- [auth-service] [http-nio-8081-exec-2] o.s.security.web.FilterChainProxy        : Securing GET /api/v1/projects?username=neto
2026-02-05T01:25:51.997Z DEBUG 35576 --- [auth-service] [http-nio-8081-exec-2] o.s.s.w.a.AnonymousAuthenticationFilter  : Set SecurityContextHolder to anonymous SecurityContext
2026-02-05T01:25:51.998Z DEBUG 35576 --- [auth-service] [http-nio-8081-exec-2] o.s.security.web.FilterChainProxy        : Secured GET /api/v1/projects?username=neto
2026-02-05T01:25:52.011Z DEBUG 35576 --- [auth-service] [http-nio-8081-exec-3] o.s.security.web.FilterChainProxy        : Securing GET /api/v1/projects?username=neto
2026-02-05T01:25:52.013Z DEBUG 35576 --- [auth-service] [http-nio-8081-exec-3] o.s.s.w.a.AnonymousAuthenticationFilter  : Set SecurityContextHolder to anonymous SecurityContext
2026-02-05T01:25:52.013Z DEBUG 35576 --- [auth-service] [http-nio-8081-exec-3] o.s.security.web.FilterChainProxy        : Secured GET /api/v1/projects?username=neto
2026-02-05T01:31:23.551Z DEBUG 35576 --- [auth-service] [http-nio-8081-exec-5] o.s.security.web.FilterChainProxy        : Securing GET /api/v1/projects?username=neto
2026-02-05T01:31:23.551Z DEBUG 35576 --- [auth-service] [http-nio-8081-exec-5] o.s.s.w.a.AnonymousAuthenticationFilter  : Set SecurityContextHolder to anonymous SecurityContext
2026-02-05T01:31:23.552Z DEBUG 35576 --- [auth-service] [http-nio-8081-exec-5] o.s.security.web.FilterChainProxy        : Secured GET /api/v1/projects?username=neto
2026-02-05T01:31:23.566Z DEBUG 35576 --- [auth-service] [http-nio-8081-exec-6] o.s.security.web.FilterChainProxy        : Securing GET /api/v1/projects?username=neto
2026-02-05T01:31:23.567Z DEBUG 35576 --- [auth-service] [http-nio-8081-exec-6] o.s.s.w.a.AnonymousAuthenticationFilter  : Set SecurityContextHolder to anonymous SecurityContext
2026-02-05T01:31:23.567Z DEBUG 35576 --- [auth-service] [http-nio-8081-exec-6] o.s.security.web.FilterChainProxy        : Secured GET /api/v1/projects?username=neto
2026-02-05T01:31:39.910Z DEBUG 35576 --- [auth-service] [http-nio-8081-exec-7] o.s.security.web.FilterChainProxy        : Securing GET /api/v1/projects?username=neto
2026-02-05T01:31:39.911Z DEBUG 35576 --- [auth-service] [http-nio-8081-exec-7] o.s.s.w.a.AnonymousAuthenticationFilter  : Set SecurityContextHolder to anonymous SecurityContext
2026-02-05T01:31:39.911Z DEBUG 35576 --- [auth-service] [http-nio-8081-exec-7] o.s.security.web.FilterChainProxy        : Secured GET /api/v1/projects?username=neto
2026-02-05T01:31:39.928Z DEBUG 35576 --- [auth-service] [http-nio-8081-exec-8] o.s.security.web.FilterChainProxy        : Securing GET /api/v1/projects?username=neto
2026-02-05T01:31:39.929Z DEBUG 35576 --- [auth-service] [http-nio-8081-exec-8] o.s.s.w.a.AnonymousAuthenticationFilter  : Set SecurityContextHolder to anonymous SecurityContext
2026-02-05T01:31:39.929Z DEBUG 35576 --- [auth-service] [http-nio-8081-exec-8] o.s.security.web.FilterChainProxy        : Secured GET /api/v1/projects?username=neto
2026-02-05T01:32:24.291Z DEBUG 35576 --- [auth-service] [http-nio-8081-exec-9] o.s.security.web.FilterChainProxy        : Securing GET /api/v1/projects?username=neto
2026-02-05T01:32:24.291Z DEBUG 35576 --- [auth-service] [http-nio-8081-exec-9] o.s.s.w.a.AnonymousAuthenticationFilter  : Set SecurityContextHolder to anonymous SecurityContext
2026-02-05T01:32:24.294Z DEBUG 35576 --- [auth-service] [http-nio-8081-exec-9] o.s.security.web.FilterChainProxy        : Secured GET /api/v1/projects?username=neto
2026-02-05T01:32:24.307Z DEBUG 35576 --- [auth-service] [http-nio-8081-exec-10] o.s.security.web.FilterChainProxy        : Securing GET /api/v1/projects?username=neto
2026-02-05T01:32:24.308Z DEBUG 35576 --- [auth-service] [http-nio-8081-exec-10] o.s.s.w.a.AnonymousAuthenticationFilter  : Set SecurityContextHolder to anonymous SecurityContext
2026-02-05T01:32:24.308Z DEBUG 35576 --- [auth-service] [http-nio-8081-exec-10] o.s.security.web.FilterChainProxy        : Secured GET /api/v1/projects?username=neto
2026-02-05T01:34:49.722Z DEBUG 35576 --- [auth-service] [http-nio-8081-exec-2] o.s.security.web.FilterChainProxy        : Securing GET /api/v1/projects?username=neto
2026-02-05T01:34:49.722Z DEBUG 35576 --- [auth-service] [http-nio-8081-exec-2] o.s.s.w.a.AnonymousAuthenticationFilter  : Set SecurityContextHolder to anonymous SecurityContext
2026-02-05T01:34:49.722Z DEBUG 35576 --- [auth-service] [http-nio-8081-exec-2] o.s.security.web.FilterChainProxy        : Secured GET /api/v1/projects?username=neto
2026-02-05T01:34:49.741Z DEBUG 35576 --- [auth-service] [http-nio-8081-exec-3] o.s.security.web.FilterChainProxy        : Securing GET /api/v1/projects?username=neto
2026-02-05T01:34:49.741Z DEBUG 35576 --- [auth-service] [http-nio-8081-exec-3] o.s.s.w.a.AnonymousAuthenticationFilter  : Set SecurityContextHolder to anonymous SecurityContext
2026-02-05T01:34:49.741Z DEBUG 35576 --- [auth-service] [http-nio-8081-exec-3] o.s.security.web.FilterChainProxy        : Secured GET /api/v1/projects?username=neto
2026-02-05T01:36:41.835Z DEBUG 35576 --- [auth-service] [http-nio-8081-exec-5] o.s.security.web.FilterChainProxy        : Securing GET /api/v1/projects?username=neto
2026-02-05T01:36:41.835Z DEBUG 35576 --- [auth-service] [http-nio-8081-exec-5] o.s.s.w.a.AnonymousAuthenticationFilter  : Set SecurityContextHolder to anonymous SecurityContext
2026-02-05T01:36:41.835Z DEBUG 35576 --- [auth-service] [http-nio-8081-exec-5] o.s.security.web.FilterChainProxy        : Secured GET /api/v1/projects?username=neto
2026-02-05T01:36:41.856Z DEBUG 35576 --- [auth-service] [http-nio-8081-exec-6] o.s.security.web.FilterChainProxy        : Securing GET /api/v1/projects?username=neto
2026-02-05T01:36:41.857Z DEBUG 35576 --- [auth-service] [http-nio-8081-exec-6] o.s.s.w.a.AnonymousAuthenticationFilter  : Set SecurityContextHolder to anonymous SecurityContext
2026-02-05T01:36:41.857Z DEBUG 35576 --- [auth-service] [http-nio-8081-exec-6] o.s.security.web.FilterChainProxy        : Secured GET /api/v1/projects?username=neto
2026-02-05T01:36:48.558Z DEBUG 35576 --- [auth-service] [http-nio-8081-exec-7] o.s.security.web.FilterChainProxy        : Securing GET /api/v1/projects?username=neto
2026-02-05T01:36:48.562Z DEBUG 35576 --- [auth-service] [http-nio-8081-exec-7] o.s.s.w.a.AnonymousAuthenticationFilter  : Set SecurityContextHolder to anonymous SecurityContext
2026-02-05T01:36:48.563Z DEBUG 35576 --- [auth-service] [http-nio-8081-exec-7] o.s.security.web.FilterChainProxy        : Secured GET /api/v1/projects?username=neto
2026-02-05T01:36:48.578Z DEBUG 35576 --- [auth-service] [http-nio-8081-exec-8] o.s.security.web.FilterChainProxy        : Securing GET /api/v1/projects?username=neto
2026-02-05T01:36:48.578Z DEBUG 35576 --- [auth-service] [http-nio-8081-exec-8] o.s.s.w.a.AnonymousAuthenticationFilter  : Set SecurityContextHolder to anonymous SecurityContext
2026-02-05T01:36:48.578Z DEBUG 35576 --- [auth-service] [http-nio-8081-exec-8] o.s.security.web.FilterChainProxy        : Secured GET /api/v1/projects?username=neto
2026-02-05T01:36:51.111Z DEBUG 35576 --- [auth-service] [http-nio-8081-exec-9] o.s.security.web.FilterChainProxy        : Securing GET /api/v1/projects?username=neto
2026-02-05T01:36:51.111Z DEBUG 35576 --- [auth-service] [http-nio-8081-exec-9] o.s.s.w.a.AnonymousAuthenticationFilter  : Set SecurityContextHolder to anonymous SecurityContext
2026-02-05T01:36:51.112Z DEBUG 35576 --- [auth-service] [http-nio-8081-exec-9] o.s.security.web.FilterChainProxy        : Secured GET /api/v1/projects?username=neto
2026-02-05T01:36:51.125Z DEBUG 35576 --- [auth-service] [http-nio-8081-exec-10] o.s.security.web.FilterChainProxy        : Securing GET /api/v1/projects?username=neto
2026-02-05T01:36:51.125Z DEBUG 35576 --- [auth-service] [http-nio-8081-exec-10] o.s.s.w.a.AnonymousAuthenticationFilter  : Set SecurityContextHolder to anonymous SecurityContext
2026-02-05T01:36:51.126Z DEBUG 35576 --- [auth-service] [http-nio-8081-exec-10] o.s.security.web.FilterChainProxy        : Secured GET /api/v1/projects?username=neto
2026-02-05T01:38:55.579Z DEBUG 35576 --- [auth-service] [http-nio-8081-exec-2] o.s.security.web.FilterChainProxy        : Securing GET /api/v1/projects?username=neto
2026-02-05T01:38:55.579Z DEBUG 35576 --- [auth-service] [http-nio-8081-exec-2] o.s.s.w.a.AnonymousAuthenticationFilter  : Set SecurityContextHolder to anonymous SecurityContext
2026-02-05T01:38:55.579Z DEBUG 35576 --- [auth-service] [http-nio-8081-exec-2] o.s.security.web.FilterChainProxy        : Secured GET /api/v1/projects?username=neto
2026-02-05T01:38:55.599Z DEBUG 35576 --- [auth-service] [http-nio-8081-exec-3] o.s.security.web.FilterChainProxy        : Securing GET /api/v1/projects?username=neto
2026-02-05T01:38:55.599Z DEBUG 35576 --- [auth-service] [http-nio-8081-exec-3] o.s.s.w.a.AnonymousAuthenticationFilter  : Set SecurityContextHolder to anonymous SecurityContext
2026-02-05T01:38:55.600Z DEBUG 35576 --- [auth-service] [http-nio-8081-exec-3] o.s.security.web.FilterChainProxy        : Secured GET /api/v1/projects?username=neto
2026-02-05T01:39:58.667Z DEBUG 35576 --- [auth-service] [http-nio-8081-exec-5] o.s.security.web.FilterChainProxy        : Securing GET /api/v1/projects?username=neto
2026-02-05T01:39:58.668Z DEBUG 35576 --- [auth-service] [http-nio-8081-exec-5] o.s.s.w.a.AnonymousAuthenticationFilter  : Set SecurityContextHolder to anonymous SecurityContext
2026-02-05T01:39:58.668Z DEBUG 35576 --- [auth-service] [http-nio-8081-exec-5] o.s.security.web.FilterChainProxy        : Secured GET /api/v1/projects?username=neto
2026-02-05T01:39:58.681Z DEBUG 35576 --- [auth-service] [http-nio-8081-exec-6] o.s.security.web.FilterChainProxy        : Securing GET /api/v1/projects?username=neto
2026-02-05T01:39:58.682Z DEBUG 35576 --- [auth-service] [http-nio-8081-exec-6] o.s.s.w.a.AnonymousAuthenticationFilter  : Set SecurityContextHolder to anonymous SecurityContext
2026-02-05T01:39:58.682Z DEBUG 35576 --- [auth-service] [http-nio-8081-exec-6] o.s.security.web.FilterChainProxy        : Secured GET /api/v1/projects?username=neto
2026-02-05T01:40:02.506Z DEBUG 35576 --- [auth-service] [http-nio-8081-exec-7] o.s.security.web.FilterChainProxy        : Securing GET /api/v1/projects?username=neto
2026-02-05T01:40:02.507Z DEBUG 35576 --- [auth-service] [http-nio-8081-exec-7] o.s.s.w.a.AnonymousAuthenticationFilter  : Set SecurityContextHolder to anonymous SecurityContext
2026-02-05T01:40:02.507Z DEBUG 35576 --- [auth-service] [http-nio-8081-exec-7] o.s.security.web.FilterChainProxy        : Secured GET /api/v1/projects?username=neto
2026-02-05T01:40:02.520Z DEBUG 35576 --- [auth-service] [http-nio-8081-exec-8] o.s.security.web.FilterChainProxy        : Securing GET /api/v1/projects?username=neto
2026-02-05T01:40:02.520Z DEBUG 35576 --- [auth-service] [http-nio-8081-exec-8] o.s.s.w.a.AnonymousAuthenticationFilter  : Set SecurityContextHolder to anonymous SecurityContext
2026-02-05T01:40:02.521Z DEBUG 35576 --- [auth-service] [http-nio-8081-exec-8] o.s.security.web.FilterChainProxy        : Secured GET /api/v1/projects?username=neto
2026-02-05T01:40:05.497Z DEBUG 35576 --- [auth-service] [http-nio-8081-exec-9] o.s.security.web.FilterChainProxy        : Securing GET /api/v1/projects?username=neto
2026-02-05T01:40:05.497Z DEBUG 35576 --- [auth-service] [http-nio-8081-exec-9] o.s.s.w.a.AnonymousAuthenticationFilter  : Set SecurityContextHolder to anonymous SecurityContext
2026-02-05T01:40:05.497Z DEBUG 35576 --- [auth-service] [http-nio-8081-exec-9] o.s.security.web.FilterChainProxy        : Secured GET /api/v1/projects?username=neto
2026-02-05T01:40:05.513Z DEBUG 35576 --- [auth-service] [http-nio-8081-exec-10] o.s.security.web.FilterChainProxy        : Securing GET /api/v1/projects?username=neto
2026-02-05T01:40:05.514Z DEBUG 35576 --- [auth-service] [http-nio-8081-exec-10] o.s.s.w.a.AnonymousAuthenticationFilter  : Set SecurityContextHolder to anonymous SecurityContext
2026-02-05T01:40:05.514Z DEBUG 35576 --- [auth-service] [http-nio-8081-exec-10] o.s.security.web.FilterChainProxy        : Secured GET /api/v1/projects?username=neto
2026-02-05T01:40:22.816Z DEBUG 35576 --- [auth-service] [http-nio-8081-exec-1] o.s.security.web.FilterChainProxy        : Securing POST /api/auth/login
2026-02-05T01:40:22.816Z DEBUG 35576 --- [auth-service] [http-nio-8081-exec-1] o.s.s.w.a.AnonymousAuthenticationFilter  : Set SecurityContextHolder to anonymous SecurityContext
2026-02-05T01:40:22.816Z DEBUG 35576 --- [auth-service] [http-nio-8081-exec-1] o.s.security.web.FilterChainProxy        : Secured POST /api/auth/login
2026-02-05T01:40:22.823Z  INFO 35576 --- [auth-service] [http-nio-8081-exec-1] c.a.a.s.impl.CustomUserDetailsService    : Carregando usuário: neto
2026-02-05T01:40:22.823Z  INFO 35576 --- [auth-service] [http-nio-8081-exec-1] c.a.a.s.impl.CustomUserDetailsService    : Role do banco: ESTAGIARIO
2026-02-05T01:40:22.823Z  INFO 35576 --- [auth-service] [http-nio-8081-exec-1] c.a.a.s.impl.CustomUserDetailsService    : Authorities configuradas: [ROLE_ESTAGIARIO]
2026-02-05T01:40:22.888Z DEBUG 35576 --- [auth-service] [http-nio-8081-exec-1] o.s.s.a.dao.DaoAuthenticationProvider    : Authenticated user
2026-02-05T01:40:22.892Z  INFO 35576 --- [auth-service] [http-nio-8081-exec-1] c.a.a.controller.AuthController          : MFA requerido para o utilizador: neto
2026-02-05T01:40:38.327Z DEBUG 35576 --- [auth-service] [http-nio-8081-exec-2] o.s.security.web.FilterChainProxy        : Securing POST /api/auth/verify-mfa
2026-02-05T01:40:38.329Z DEBUG 35576 --- [auth-service] [http-nio-8081-exec-2] o.s.s.w.a.AnonymousAuthenticationFilter  : Set SecurityContextHolder to anonymous SecurityContext
2026-02-05T01:40:38.329Z DEBUG 35576 --- [auth-service] [http-nio-8081-exec-2] o.s.security.web.FilterChainProxy        : Secured POST /api/auth/verify-mfa
2026-02-05T01:40:38.404Z DEBUG 35576 --- [auth-service] [http-nio-8081-exec-3] o.s.security.web.FilterChainProxy        : Securing GET /api/v1/projects?username=neto
2026-02-05T01:40:38.404Z DEBUG 35576 --- [auth-service] [http-nio-8081-exec-3] o.s.s.w.a.AnonymousAuthenticationFilter  : Set SecurityContextHolder to anonymous SecurityContext
2026-02-05T01:40:38.405Z DEBUG 35576 --- [auth-service] [http-nio-8081-exec-3] o.s.security.web.FilterChainProxy        : Secured GET /api/v1/projects?username=neto
2026-02-05T01:40:38.418Z DEBUG 35576 --- [auth-service] [http-nio-8081-exec-4] o.s.security.web.FilterChainProxy        : Securing GET /api/v1/projects?username=neto
2026-02-05T01:40:38.419Z DEBUG 35576 --- [auth-service] [http-nio-8081-exec-4] o.s.s.w.a.AnonymousAuthenticationFilter  : Set SecurityContextHolder to anonymous SecurityContext
2026-02-05T01:40:38.419Z DEBUG 35576 --- [auth-service] [http-nio-8081-exec-4] o.s.security.web.FilterChainProxy        : Secured GET /api/v1/projects?username=neto
2026-02-05T01:40:41.276Z DEBUG 35576 --- [auth-service] [http-nio-8081-exec-5] o.s.security.web.FilterChainProxy        : Securing GET /api/v1/projects?username=neto
2026-02-05T01:40:41.277Z DEBUG 35576 --- [auth-service] [http-nio-8081-exec-5] o.s.s.w.a.AnonymousAuthenticationFilter  : Set SecurityContextHolder to anonymous SecurityContext
2026-02-05T01:40:41.277Z DEBUG 35576 --- [auth-service] [http-nio-8081-exec-5] o.s.security.web.FilterChainProxy        : Secured GET /api/v1/projects?username=neto
2026-02-05T01:40:41.289Z DEBUG 35576 --- [auth-service] [http-nio-8081-exec-6] o.s.security.web.FilterChainProxy        : Securing GET /api/v1/projects?username=neto
2026-02-05T01:40:41.290Z DEBUG 35576 --- [auth-service] [http-nio-8081-exec-6] o.s.s.w.a.AnonymousAuthenticationFilter  : Set SecurityContextHolder to anonymous SecurityContext
2026-02-05T01:40:41.290Z DEBUG 35576 --- [auth-service] [http-nio-8081-exec-6] o.s.security.web.FilterChainProxy        : Secured GET /api/v1/projects?username=neto
2026-02-05T01:41:31.013Z DEBUG 35576 --- [auth-service] [http-nio-8081-exec-7] o.s.security.web.FilterChainProxy        : Securing GET /api/v1/projects?username=neto
2026-02-05T01:41:31.013Z DEBUG 35576 --- [auth-service] [http-nio-8081-exec-7] o.s.s.w.a.AnonymousAuthenticationFilter  : Set SecurityContextHolder to anonymous SecurityContext
2026-02-05T01:41:31.013Z DEBUG 35576 --- [auth-service] [http-nio-8081-exec-7] o.s.security.web.FilterChainProxy        : Secured GET /api/v1/projects?username=neto
2026-02-05T01:41:31.055Z DEBUG 35576 --- [auth-service] [http-nio-8081-exec-8] o.s.security.web.FilterChainProxy        : Securing GET /api/v1/projects?username=neto
2026-02-05T01:41:31.055Z DEBUG 35576 --- [auth-service] [http-nio-8081-exec-8] o.s.s.w.a.AnonymousAuthenticationFilter  : Set SecurityContextHolder to anonymous SecurityContext
2026-02-05T01:41:31.056Z DEBUG 35576 --- [auth-service] [http-nio-8081-exec-8] o.s.security.web.FilterChainProxy        : Secured GET /api/v1/projects?username=neto
2026-02-05T01:42:29.050Z DEBUG 35576 --- [auth-service] [http-nio-8081-exec-9] o.s.security.web.FilterChainProxy        : Securing GET /api/v1/projects?username=neto
2026-02-05T01:42:29.050Z DEBUG 35576 --- [auth-service] [http-nio-8081-exec-9] o.s.s.w.a.AnonymousAuthenticationFilter  : Set SecurityContextHolder to anonymous SecurityContext
2026-02-05T01:42:29.050Z DEBUG 35576 --- [auth-service] [http-nio-8081-exec-9] o.s.security.web.FilterChainProxy        : Secured GET /api/v1/projects?username=neto
2026-02-05T01:42:29.066Z DEBUG 35576 --- [auth-service] [http-nio-8081-exec-10] o.s.security.web.FilterChainProxy        : Securing GET /api/v1/projects?username=neto
2026-02-05T01:42:29.067Z DEBUG 35576 --- [auth-service] [http-nio-8081-exec-10] o.s.s.w.a.AnonymousAuthenticationFilter  : Set SecurityContextHolder to anonymous SecurityContext
2026-02-05T01:42:29.067Z DEBUG 35576 --- [auth-service] [http-nio-8081-exec-10] o.s.security.web.FilterChainProxy        : Secured GET /api/v1/projects?username=neto
2026-02-05T01:42:43.010Z DEBUG 35576 --- [auth-service] [http-nio-8081-exec-1] o.s.security.web.FilterChainProxy        : Securing GET /api/v1/projects?username=neto
2026-02-05T01:42:43.010Z DEBUG 35576 --- [auth-service] [http-nio-8081-exec-1] o.s.s.w.a.AnonymousAuthenticationFilter  : Set SecurityContextHolder to anonymous SecurityContext
2026-02-05T01:42:43.010Z DEBUG 35576 --- [auth-service] [http-nio-8081-exec-1] o.s.security.web.FilterChainProxy        : Secured GET /api/v1/projects?username=neto
2026-02-05T01:42:43.022Z DEBUG 35576 --- [auth-service] [http-nio-8081-exec-2] o.s.security.web.FilterChainProxy        : Securing GET /api/v1/projects?username=neto
2026-02-05T01:42:43.022Z DEBUG 35576 --- [auth-service] [http-nio-8081-exec-2] o.s.s.w.a.AnonymousAuthenticationFilter  : Set SecurityContextHolder to anonymous SecurityContext
2026-02-05T01:42:43.023Z DEBUG 35576 --- [auth-service] [http-nio-8081-exec-2] o.s.security.web.FilterChainProxy        : Secured GET /api/v1/projects?username=neto
2026-02-05T01:42:50.713Z DEBUG 35576 --- [auth-service] [http-nio-8081-exec-3] o.s.security.web.FilterChainProxy        : Securing GET /api/v1/projects/neto/lemonfit
2026-02-05T01:42:50.713Z DEBUG 35576 --- [auth-service] [http-nio-8081-exec-3] o.s.s.w.a.AnonymousAuthenticationFilter  : Set SecurityContextHolder to anonymous SecurityContext
2026-02-05T01:42:50.713Z DEBUG 35576 --- [auth-service] [http-nio-8081-exec-3] o.s.security.web.FilterChainProxy        : Secured GET /api/v1/projects/neto/lemonfit
2026-02-05T01:43:49.016Z DEBUG 35576 --- [auth-service] [http-nio-8081-exec-4] o.s.security.web.FilterChainProxy        : Securing GET /api/v1/projects?username=neto
2026-02-05T01:43:49.018Z DEBUG 35576 --- [auth-service] [http-nio-8081-exec-4] o.s.s.w.a.AnonymousAuthenticationFilter  : Set SecurityContextHolder to anonymous SecurityContext
2026-02-05T01:43:49.018Z DEBUG 35576 --- [auth-service] [http-nio-8081-exec-4] o.s.security.web.FilterChainProxy        : Secured GET /api/v1/projects?username=neto
2026-02-05T01:43:49.032Z DEBUG 35576 --- [auth-service] [http-nio-8081-exec-5] o.s.security.web.FilterChainProxy        : Securing GET /api/v1/projects?username=neto
2026-02-05T01:43:49.033Z DEBUG 35576 --- [auth-service] [http-nio-8081-exec-5] o.s.s.w.a.AnonymousAuthenticationFilter  : Set SecurityContextHolder to anonymous SecurityContext
2026-02-05T01:43:49.033Z DEBUG 35576 --- [auth-service] [http-nio-8081-exec-5] o.s.security.web.FilterChainProxy        : Secured GET /api/v1/projects?username=neto
2026-02-05T01:44:51.016Z DEBUG 35576 --- [auth-service] [http-nio-8081-exec-7] o.s.security.web.FilterChainProxy        : Securing GET /api/v1/projects?username=neto
2026-02-05T01:44:51.019Z DEBUG 35576 --- [auth-service] [http-nio-8081-exec-7] o.s.s.w.a.AnonymousAuthenticationFilter  : Set SecurityContextHolder to anonymous SecurityContext
2026-02-05T01:44:51.019Z DEBUG 35576 --- [auth-service] [http-nio-8081-exec-7] o.s.security.web.FilterChainProxy        : Secured GET /api/v1/projects?username=neto
2026-02-05T01:44:51.032Z DEBUG 35576 --- [auth-service] [http-nio-8081-exec-8] o.s.security.web.FilterChainProxy        : Securing GET /api/v1/projects?username=neto
2026-02-05T01:44:51.032Z DEBUG 35576 --- [auth-service] [http-nio-8081-exec-8] o.s.s.w.a.AnonymousAuthenticationFilter  : Set SecurityContextHolder to anonymous SecurityContext
2026-02-05T01:44:51.033Z DEBUG 35576 --- [auth-service] [http-nio-8081-exec-8] o.s.security.web.FilterChainProxy        : Secured GET /api/v1/projects?username=neto
2026-02-05T01:44:57.115Z DEBUG 35576 --- [auth-service] [http-nio-8081-exec-9] o.s.security.web.FilterChainProxy        : Securing GET /api/v1/projects?username=neto
2026-02-05T01:44:57.115Z DEBUG 35576 --- [auth-service] [http-nio-8081-exec-9] o.s.s.w.a.AnonymousAuthenticationFilter  : Set SecurityContextHolder to anonymous SecurityContext
2026-02-05T01:44:57.115Z DEBUG 35576 --- [auth-service] [http-nio-8081-exec-9] o.s.security.web.FilterChainProxy        : Secured GET /api/v1/projects?username=neto
2026-02-05T01:44:57.129Z DEBUG 35576 --- [auth-service] [http-nio-8081-exec-10] o.s.security.web.FilterChainProxy        : Securing GET /api/v1/projects?username=neto
2026-02-05T01:44:57.130Z DEBUG 35576 --- [auth-service] [http-nio-8081-exec-10] o.s.s.w.a.AnonymousAuthenticationFilter  : Set SecurityContextHolder to anonymous SecurityContext
2026-02-05T01:44:57.130Z DEBUG 35576 --- [auth-service] [http-nio-8081-exec-10] o.s.security.web.FilterChainProxy        : Secured GET /api/v1/projects?username=neto
2026-02-05T01:45:05.169Z DEBUG 35576 --- [auth-service] [http-nio-8081-exec-1] o.s.security.web.FilterChainProxy        : Securing GET /api/v1/projects?username=neto
2026-02-05T01:45:05.169Z DEBUG 35576 --- [auth-service] [http-nio-8081-exec-1] o.s.s.w.a.AnonymousAuthenticationFilter  : Set SecurityContextHolder to anonymous SecurityContext
2026-02-05T01:45:05.170Z DEBUG 35576 --- [auth-service] [http-nio-8081-exec-1] o.s.security.web.FilterChainProxy        : Secured GET /api/v1/projects?username=neto
2026-02-05T01:45:05.181Z DEBUG 35576 --- [auth-service] [http-nio-8081-exec-2] o.s.security.web.FilterChainProxy        : Securing GET /api/v1/projects?username=neto
2026-02-05T01:45:05.181Z DEBUG 35576 --- [auth-service] [http-nio-8081-exec-2] o.s.s.w.a.AnonymousAuthenticationFilter  : Set SecurityContextHolder to anonymous SecurityContext
2026-02-05T01:45:05.181Z DEBUG 35576 --- [auth-service] [http-nio-8081-exec-2] o.s.security.web.FilterChainProxy        : Secured GET /api/v1/projects?username=neto
2026-02-05T01:45:10.123Z DEBUG 35576 --- [auth-service] [http-nio-8081-exec-3] o.s.security.web.FilterChainProxy        : Securing GET /api/v1/projects?username=neto
2026-02-05T01:45:10.123Z DEBUG 35576 --- [auth-service] [http-nio-8081-exec-3] o.s.s.w.a.AnonymousAuthenticationFilter  : Set SecurityContextHolder to anonymous SecurityContext
2026-02-05T01:45:10.124Z DEBUG 35576 --- [auth-service] [http-nio-8081-exec-3] o.s.security.web.FilterChainProxy        : Secured GET /api/v1/projects?username=neto
2026-02-05T01:45:10.138Z DEBUG 35576 --- [auth-service] [http-nio-8081-exec-4] o.s.security.web.FilterChainProxy        : Securing GET /api/v1/projects?username=neto
2026-02-05T01:45:10.138Z DEBUG 35576 --- [auth-service] [http-nio-8081-exec-4] o.s.s.w.a.AnonymousAuthenticationFilter  : Set SecurityContextHolder to anonymous SecurityContext
2026-02-05T01:45:10.138Z DEBUG 35576 --- [auth-service] [http-nio-8081-exec-4] o.s.security.web.FilterChainProxy        : Secured GET /api/v1/projects?username=neto
2026-02-05T01:49:26.857Z DEBUG 35576 --- [auth-service] [http-nio-8081-exec-6] o.s.security.web.FilterChainProxy        : Securing GET /api/v1/projects?username=neto
2026-02-05T01:49:26.857Z DEBUG 35576 --- [auth-service] [http-nio-8081-exec-6] o.s.s.w.a.AnonymousAuthenticationFilter  : Set SecurityContextHolder to anonymous SecurityContext
2026-02-05T01:49:26.858Z DEBUG 35576 --- [auth-service] [http-nio-8081-exec-6] o.s.security.web.FilterChainProxy        : Secured GET /api/v1/projects?username=neto
2026-02-05T01:49:26.871Z DEBUG 35576 --- [auth-service] [http-nio-8081-exec-7] o.s.security.web.FilterChainProxy        : Securing GET /api/v1/projects?username=neto
2026-02-05T01:49:26.871Z DEBUG 35576 --- [auth-service] [http-nio-8081-exec-7] o.s.s.w.a.AnonymousAuthenticationFilter  : Set SecurityContextHolder to anonymous SecurityContext
2026-02-05T01:49:26.872Z DEBUG 35576 --- [auth-service] [http-nio-8081-exec-7] o.s.security.web.FilterChainProxy        : Secured GET /api/v1/projects?username=neto
2026-02-05T01:52:31.021Z DEBUG 35576 --- [auth-service] [http-nio-8081-exec-9] o.s.security.web.FilterChainProxy        : Securing GET /api/v1/projects?username=neto
2026-02-05T01:52:31.021Z DEBUG 35576 --- [auth-service] [http-nio-8081-exec-9] o.s.s.w.a.AnonymousAuthenticationFilter  : Set SecurityContextHolder to anonymous SecurityContext
2026-02-05T01:52:31.021Z DEBUG 35576 --- [auth-service] [http-nio-8081-exec-9] o.s.security.web.FilterChainProxy        : Secured GET /api/v1/projects?username=neto
2026-02-05T01:52:31.035Z DEBUG 35576 --- [auth-service] [http-nio-8081-exec-10] o.s.security.web.FilterChainProxy        : Securing GET /api/v1/projects?username=neto
2026-02-05T01:52:31.036Z DEBUG 35576 --- [auth-service] [http-nio-8081-exec-10] o.s.s.w.a.AnonymousAuthenticationFilter  : Set SecurityContextHolder to anonymous SecurityContext
2026-02-05T01:52:31.036Z DEBUG 35576 --- [auth-service] [http-nio-8081-exec-10] o.s.security.web.FilterChainProxy        : Secured GET /api/v1/projects?username=neto
2026-02-05T01:55:30.304Z DEBUG 35576 --- [auth-service] [http-nio-8081-exec-2] o.s.security.web.FilterChainProxy        : Securing GET /api/v1/projects?username=neto
2026-02-05T01:55:30.304Z DEBUG 35576 --- [auth-service] [http-nio-8081-exec-2] o.s.s.w.a.AnonymousAuthenticationFilter  : Set SecurityContextHolder to anonymous SecurityContext
2026-02-05T01:55:30.305Z DEBUG 35576 --- [auth-service] [http-nio-8081-exec-2] o.s.security.web.FilterChainProxy        : Secured GET /api/v1/projects?username=neto
2026-02-05T01:56:46.204Z DEBUG 35576 --- [auth-service] [http-nio-8081-exec-4] o.s.security.web.FilterChainProxy        : Securing GET /api/v1/projects?username=neto
2026-02-05T01:56:46.205Z DEBUG 35576 --- [auth-service] [http-nio-8081-exec-4] o.s.s.w.a.AnonymousAuthenticationFilter  : Set SecurityContextHolder to anonymous SecurityContext
2026-02-05T01:56:46.205Z DEBUG 35576 --- [auth-service] [http-nio-8081-exec-4] o.s.security.web.FilterChainProxy        : Secured GET /api/v1/projects?username=neto
2026-02-05T01:56:46.218Z DEBUG 35576 --- [auth-service] [http-nio-8081-exec-5] o.s.security.web.FilterChainProxy        : Securing GET /api/v1/projects?username=neto
2026-02-05T01:56:46.220Z DEBUG 35576 --- [auth-service] [http-nio-8081-exec-5] o.s.s.w.a.AnonymousAuthenticationFilter  : Set SecurityContextHolder to anonymous SecurityContext
2026-02-05T01:56:46.220Z DEBUG 35576 --- [auth-service] [http-nio-8081-exec-5] o.s.security.web.FilterChainProxy        : Secured GET /api/v1/projects?username=neto
2026-02-05T01:57:53.244Z DEBUG 35576 --- [auth-service] [http-nio-8081-exec-7] o.s.security.web.FilterChainProxy        : Securing GET /api/v1/projects?username=neto
2026-02-05T01:57:53.244Z DEBUG 35576 --- [auth-service] [http-nio-8081-exec-7] o.s.s.w.a.AnonymousAuthenticationFilter  : Set SecurityContextHolder to anonymous SecurityContext
2026-02-05T01:57:53.244Z DEBUG 35576 --- [auth-service] [http-nio-8081-exec-7] o.s.security.web.FilterChainProxy        : Secured GET /api/v1/projects?username=neto
2026-02-05T01:57:53.259Z DEBUG 35576 --- [auth-service] [http-nio-8081-exec-8] o.s.security.web.FilterChainProxy        : Securing GET /api/v1/projects?username=neto
2026-02-05T01:57:53.260Z DEBUG 35576 --- [auth-service] [http-nio-8081-exec-8] o.s.s.w.a.AnonymousAuthenticationFilter  : Set SecurityContextHolder to anonymous SecurityContext
2026-02-05T01:57:53.260Z DEBUG 35576 --- [auth-service] [http-nio-8081-exec-8] o.s.security.web.FilterChainProxy        : Secured GET /api/v1/projects?username=neto
2026-02-05T02:05:17.881Z DEBUG 35576 --- [auth-service] [http-nio-8081-exec-10] o.s.security.web.FilterChainProxy        : Securing POST /api/auth/login
2026-02-05T02:05:17.881Z DEBUG 35576 --- [auth-service] [http-nio-8081-exec-10] o.s.s.w.a.AnonymousAuthenticationFilter  : Set SecurityContextHolder to anonymous SecurityContext
2026-02-05T02:05:17.882Z DEBUG 35576 --- [auth-service] [http-nio-8081-exec-10] o.s.security.web.FilterChainProxy        : Secured POST /api/auth/login
2026-02-05T02:05:17.889Z  INFO 35576 --- [auth-service] [http-nio-8081-exec-10] c.a.a.s.impl.CustomUserDetailsService    : Carregando usuário: neto
2026-02-05T02:05:17.889Z  INFO 35576 --- [auth-service] [http-nio-8081-exec-10] c.a.a.s.impl.CustomUserDetailsService    : Role do banco: ESTAGIARIO
2026-02-05T02:05:17.889Z  INFO 35576 --- [auth-service] [http-nio-8081-exec-10] c.a.a.s.impl.CustomUserDetailsService    : Authorities configuradas: [ROLE_ESTAGIARIO]
2026-02-05T02:05:17.952Z DEBUG 35576 --- [auth-service] [http-nio-8081-exec-10] o.s.s.a.dao.DaoAuthenticationProvider    : Authenticated user
2026-02-05T02:05:17.955Z  INFO 35576 --- [auth-service] [http-nio-8081-exec-10] c.a.a.controller.AuthController          : MFA requerido para o utilizador: neto
2026-02-05T02:05:40.149Z DEBUG 35576 --- [auth-service] [http-nio-8081-exec-1] o.s.security.web.FilterChainProxy        : Securing POST /api/auth/verify-mfa
2026-02-05T02:05:40.150Z DEBUG 35576 --- [auth-service] [http-nio-8081-exec-1] o.s.s.w.a.AnonymousAuthenticationFilter  : Set SecurityContextHolder to anonymous SecurityContext
2026-02-05T02:05:40.150Z DEBUG 35576 --- [auth-service] [http-nio-8081-exec-1] o.s.security.web.FilterChainProxy        : Secured POST /api/auth/verify-mfa
2026-02-05T02:05:40.225Z DEBUG 35576 --- [auth-service] [http-nio-8081-exec-2] o.s.security.web.FilterChainProxy        : Securing GET /api/v1/projects?username=neto
2026-02-05T02:05:40.225Z DEBUG 35576 --- [auth-service] [http-nio-8081-exec-2] o.s.s.w.a.AnonymousAuthenticationFilter  : Set SecurityContextHolder to anonymous SecurityContext
2026-02-05T02:05:40.225Z DEBUG 35576 --- [auth-service] [http-nio-8081-exec-2] o.s.security.web.FilterChainProxy        : Secured GET /api/v1/projects?username=neto
2026-02-05T02:05:40.240Z DEBUG 35576 --- [auth-service] [http-nio-8081-exec-3] o.s.security.web.FilterChainProxy        : Securing GET /api/v1/projects?username=neto
2026-02-05T02:05:40.240Z DEBUG 35576 --- [auth-service] [http-nio-8081-exec-3] o.s.s.w.a.AnonymousAuthenticationFilter  : Set SecurityContextHolder to anonymous SecurityContext
2026-02-05T02:05:40.240Z DEBUG 35576 --- [auth-service] [http-nio-8081-exec-3] o.s.security.web.FilterChainProxy        : Secured GET /api/v1/projects?username=neto
2026-02-05T02:29:24.601Z  INFO 35576 --- [auth-service] [SpringApplicationShutdownHook] o.s.b.w.e.tomcat.GracefulShutdown        : Commencing graceful shutdown. Waiting for active requests to complete
2026-02-05T02:29:24.605Z  INFO 35576 --- [auth-service] [tomcat-shutdown] o.s.b.w.e.tomcat.GracefulShutdown        : Graceful shutdown complete
2026-02-05T02:29:24.627Z  INFO 35576 --- [auth-service] [SpringApplicationShutdownHook] c.a.authService.socket.SocketHandler     : Encerrando servidor Socket.IO...
2026-02-05T02:29:28.746Z  INFO 35576 --- [auth-service] [SpringApplicationShutdownHook] c.c.socketio.SocketIOServer              : SocketIO server stopped
2026-02-05T02:29:28.747Z  INFO 35576 --- [auth-service] [SpringApplicationShutdownHook] c.a.authService.socket.SocketHandler     : Servidor Socket.IO parado com sucesso.
2026-02-05T02:29:28.748Z  INFO 35576 --- [auth-service] [SpringApplicationShutdownHook] c.c.socketio.SocketIOServer              : SocketIO server stopped
2026-02-05T02:29:28.748Z  INFO 35576 --- [auth-service] [SpringApplicationShutdownHook] c.a.a.config.SocketServerRunner          : 🛑 Servidor Socket.IO desligado.
2026-02-05T02:29:28.748Z  INFO 35576 --- [auth-service] [SpringApplicationShutdownHook] j.LocalContainerEntityManagerFactoryBean : Closing JPA EntityManagerFactory for persistence unit 'default'
2026-02-05T02:29:28.751Z  INFO 35576 --- [auth-service] [SpringApplicationShutdownHook] com.zaxxer.hikari.HikariDataSource       : HikariPool-1 - Shutdown initiated...
2026-02-05T02:29:28.756Z  INFO 35576 --- [auth-service] [SpringApplicationShutdownHook] com.zaxxer.hikari.HikariDataSource       : HikariPool-1 - Shutdown completed.
2026-02-05T02:39:56.340Z  INFO 24832 --- [auth-service] [main] c.a.authService.AuthServiceApplication   : Starting AuthServiceApplication using Java 21.0.8 with PID 24832 (D:\Exemplo projecto\microserviços\auth-service\target\classes started by User in D:\Exemplo projecto\microserviços\auth-service)
2026-02-05T02:39:56.354Z  INFO 24832 --- [auth-service] [main] c.a.authService.AuthServiceApplication   : The following 1 profile is active: "local"
2026-02-05T02:39:57.413Z  INFO 24832 --- [auth-service] [main] .s.d.r.c.RepositoryConfigurationDelegate : Bootstrapping Spring Data JPA repositories in DEFAULT mode.
2026-02-05T02:39:57.459Z  INFO 24832 --- [auth-service] [main] .s.d.r.c.RepositoryConfigurationDelegate : Finished Spring Data repository scanning in 40 ms. Found 3 JPA repository interfaces.
2026-02-05T02:39:57.961Z  INFO 24832 --- [auth-service] [main] o.s.b.w.embedded.tomcat.TomcatWebServer  : Tomcat initialized with port 8081 (http)
2026-02-05T02:39:57.971Z  INFO 24832 --- [auth-service] [main] o.apache.catalina.core.StandardService   : Starting service [Tomcat]
2026-02-05T02:39:57.971Z  INFO 24832 --- [auth-service] [main] o.apache.catalina.core.StandardEngine    : Starting Servlet engine: [Apache Tomcat/10.1.48]
2026-02-05T02:39:58.023Z  INFO 24832 --- [auth-service] [main] o.a.c.c.C.[Tomcat].[localhost].[/]       : Initializing Spring embedded WebApplicationContext
2026-02-05T02:39:58.023Z  INFO 24832 --- [auth-service] [main] w.s.c.ServletWebServerApplicationContext : Root WebApplicationContext: initialization completed in 1637 ms
2026-02-05T02:39:58.153Z  INFO 24832 --- [auth-service] [main] com.zaxxer.hikari.HikariDataSource       : HikariPool-1 - Starting...
2026-02-05T02:39:58.261Z  INFO 24832 --- [auth-service] [main] com.zaxxer.hikari.pool.HikariPool        : HikariPool-1 - Added connection org.postgresql.jdbc.PgConnection@141dfcf9
2026-02-05T02:39:58.262Z  INFO 24832 --- [auth-service] [main] com.zaxxer.hikari.HikariDataSource       : HikariPool-1 - Start completed.
2026-02-05T02:39:58.587Z  INFO 24832 --- [auth-service] [main] o.s.o.j.p.SpringPersistenceUnitInfo      : No LoadTimeWeaver setup: ignoring JPA class transformer
2026-02-05T02:39:59.535Z  INFO 24832 --- [auth-service] [main] j.LocalContainerEntityManagerFactoryBean : Initialized JPA EntityManagerFactory for persistence unit 'default'
2026-02-05T02:39:59.600Z  INFO 24832 --- [auth-service] [main] c.c.socketio.SocketIOServer              : Session store / pubsub factory used: MemoryStoreFactory (local session store only)
2026-02-05T02:39:59.742Z  INFO 24832 --- [auth-service] [nioEventLoopGroup-2-1] c.c.socketio.SocketIOServer              : SocketIO server started at port: 9095
2026-02-05T02:39:59.742Z  INFO 24832 --- [auth-service] [main] c.a.a.config.SocketServerRunner          : ✅ Servidor Socket.IO iniciado com sucesso na porta 9095
2026-02-05T02:39:59.943Z  INFO 24832 --- [auth-service] [main] o.s.d.j.r.query.QueryEnhancerFactory     : Hibernate is in classpath; If applicable, HQL parser will be used.
2026-02-05T02:40:00.338Z  INFO 24832 --- [auth-service] [main] c.a.authService.security.JwtTokenUtil    : JwtTokenUtil inicializado com sucesso.
2026-02-05T02:40:00.589Z  INFO 24832 --- [auth-service] [main] c.a.authService.service.SocketService    : Configurando Listeners do Socket.IO...
2026-02-05T02:40:00.659Z  INFO 24832 --- [auth-service] [main] c.a.authService.socket.SocketHandler     : Tentando iniciar servidor Socket.IO na porta configurada...
2026-02-05T02:40:00.659Z  INFO 24832 --- [auth-service] [main] c.c.socketio.SocketIOServer              : Session store / pubsub factory used: MemoryStoreFactory (local session store only)
2026-02-05T02:40:00.712Z ERROR 24832 --- [auth-service] [main] c.a.authService.socket.SocketHandler     : ERRO CRÍTICO: Falha ao iniciar Socket.IO. Verifique se a porta 9095 já está em uso.
2026-02-05T02:40:00.712Z ERROR 24832 --- [auth-service] [nioEventLoopGroup-4-1] c.c.socketio.SocketIOServer              : SocketIO server start failed at port: 9095!
2026-02-05T02:40:00.712Z ERROR 24832 --- [auth-service] [main] c.a.authService.socket.SocketHandler     : Detalhes do erro: Address already in use: bind
2026-02-05T02:40:00.721Z  INFO 24832 --- [auth-service] [main] c.a.a.config.TelegramBotConfig           : 🤖 A tentar registar o bot com o token iniciado por: 8235446930...
2026-02-05T02:40:01.165Z  INFO 24832 --- [auth-service] [main] o.t.telegrambots.longpolling.BotSession  : Result when calling deleteWebhook: true
2026-02-05T02:40:01.165Z  INFO 24832 --- [auth-service] [main] c.a.a.config.TelegramBotConfig           : ✅ Bot do Telegram registado com sucesso!
2026-02-05T02:40:01.449Z  INFO 24832 --- [auth-service] [main] o.s.b.a.e.web.EndpointLinksResolver      : Exposing 5 endpoints beneath base path '/actuator'
2026-02-05T02:40:01.470Z  INFO 24832 --- [auth-service] [main] r$InitializeUserDetailsManagerConfigurer : Global AuthenticationManager configured with UserDetailsService bean with name customUserDetailsService
2026-02-05T02:40:01.526Z DEBUG 24832 --- [auth-service] [main] o.s.s.web.DefaultSecurityFilterChain     : Will secure any request with filters: DisableEncodeUrlFilter, WebAsyncManagerIntegrationFilter, SecurityContextHolderFilter, HeaderWriterFilter, CorsFilter, LogoutFilter, RequestCacheAwareFilter, SecurityContextHolderAwareRequestFilter, AnonymousAuthenticationFilter, SessionManagementFilter, ExceptionTranslationFilter, AuthorizationFilter
2026-02-05T02:40:01.855Z  INFO 24832 --- [auth-service] [main] o.s.b.w.embedded.tomcat.TomcatWebServer  : Tomcat started on port 8081 (http) with context path '/'
2026-02-05T02:40:01.864Z  INFO 24832 --- [auth-service] [main] c.a.authService.AuthServiceApplication   : Started AuthServiceApplication in 5.94 seconds (process running for 6.498)
2026-02-05T02:40:02.062Z  INFO 24832 --- [auth-service] [RMI TCP Connection(3)-172.29.128.1] o.a.c.c.C.[Tomcat].[localhost].[/]       : Initializing Spring DispatcherServlet 'dispatcherServlet'
2026-02-05T02:40:02.062Z  INFO 24832 --- [auth-service] [RMI TCP Connection(5)-172.29.128.1] o.s.a.r.c.CachingConnectionFactory       : Attempting to connect to: [localhost:5672]
2026-02-05T02:40:02.111Z  INFO 24832 --- [auth-service] [RMI TCP Connection(5)-172.29.128.1] o.s.a.r.c.CachingConnectionFactory       : Created new connection: rabbitConnectionFactory#60291e59:0/SimpleConnection@11698d61 [delegate=amqp://guest@127.0.0.1:5672/, localPort=57136]
2026-02-05T02:40:04.728Z DEBUG 24832 --- [auth-service] [http-nio-8081-exec-1] o.s.security.web.FilterChainProxy        : Securing POST /api/auth/login
2026-02-05T02:40:04.745Z DEBUG 24832 --- [auth-service] [http-nio-8081-exec-1] o.s.s.w.a.AnonymousAuthenticationFilter  : Set SecurityContextHolder to anonymous SecurityContext
2026-02-05T02:40:04.749Z DEBUG 24832 --- [auth-service] [http-nio-8081-exec-1] o.s.security.web.FilterChainProxy        : Secured POST /api/auth/login
2026-02-05T02:40:04.972Z  INFO 24832 --- [auth-service] [http-nio-8081-exec-1] c.a.a.s.impl.CustomUserDetailsService    : Carregando usuário: neto
2026-02-05T02:40:04.972Z  INFO 24832 --- [auth-service] [http-nio-8081-exec-1] c.a.a.s.impl.CustomUserDetailsService    : Role do banco: ESTAGIARIO
2026-02-05T02:40:04.972Z  INFO 24832 --- [auth-service] [http-nio-8081-exec-1] c.a.a.s.impl.CustomUserDetailsService    : Authorities configuradas: [ROLE_ESTAGIARIO]
2026-02-05T02:40:05.037Z DEBUG 24832 --- [auth-service] [http-nio-8081-exec-1] o.s.s.a.dao.DaoAuthenticationProvider    : Authenticated user
2026-02-05T02:40:05.041Z  INFO 24832 --- [auth-service] [http-nio-8081-exec-1] c.a.a.controller.AuthController          : MFA requerido para o utilizador: neto
2026-02-05T02:40:39.528Z DEBUG 24832 --- [auth-service] [http-nio-8081-exec-2] o.s.security.web.FilterChainProxy        : Securing POST /api/auth/verify-mfa
2026-02-05T02:40:39.530Z DEBUG 24832 --- [auth-service] [http-nio-8081-exec-2] o.s.s.w.a.AnonymousAuthenticationFilter  : Set SecurityContextHolder to anonymous SecurityContext
2026-02-05T02:40:39.531Z DEBUG 24832 --- [auth-service] [http-nio-8081-exec-2] o.s.security.web.FilterChainProxy        : Secured POST /api/auth/verify-mfa
2026-02-05T02:40:39.872Z DEBUG 24832 --- [auth-service] [http-nio-8081-exec-3] o.s.security.web.FilterChainProxy        : Securing GET /api/v1/projects?username=neto
2026-02-05T02:40:39.873Z DEBUG 24832 --- [auth-service] [http-nio-8081-exec-3] o.s.s.w.a.AnonymousAuthenticationFilter  : Set SecurityContextHolder to anonymous SecurityContext
2026-02-05T02:40:39.874Z DEBUG 24832 --- [auth-service] [http-nio-8081-exec-3] o.s.security.web.FilterChainProxy        : Secured GET /api/v1/projects?username=neto
2026-02-05T02:40:39.913Z DEBUG 24832 --- [auth-service] [http-nio-8081-exec-4] o.s.security.web.FilterChainProxy        : Securing GET /api/v1/projects?username=neto
2026-02-05T02:40:39.914Z DEBUG 24832 --- [auth-service] [http-nio-8081-exec-4] o.s.s.w.a.AnonymousAuthenticationFilter  : Set SecurityContextHolder to anonymous SecurityContext
2026-02-05T02:40:39.914Z DEBUG 24832 --- [auth-service] [http-nio-8081-exec-4] o.s.security.web.FilterChainProxy        : Secured GET /api/v1/projects?username=neto
2026-02-05T02:56:20.799Z  INFO 24832 --- [auth-service] [SpringApplicationShutdownHook] o.s.b.w.e.tomcat.GracefulShutdown        : Commencing graceful shutdown. Waiting for active requests to complete
2026-02-05T02:56:20.803Z  INFO 24832 --- [auth-service] [tomcat-shutdown] o.s.b.w.e.tomcat.GracefulShutdown        : Graceful shutdown complete
2026-02-05T02:56:20.818Z  INFO 24832 --- [auth-service] [SpringApplicationShutdownHook] c.a.authService.socket.SocketHandler     : Encerrando servidor Socket.IO...
2026-02-05T02:56:24.967Z  INFO 24832 --- [auth-service] [SpringApplicationShutdownHook] c.c.socketio.SocketIOServer              : SocketIO server stopped
2026-02-05T02:56:24.967Z  INFO 24832 --- [auth-service] [SpringApplicationShutdownHook] c.a.authService.socket.SocketHandler     : Servidor Socket.IO parado com sucesso.
2026-02-05T02:56:24.969Z  INFO 24832 --- [auth-service] [SpringApplicationShutdownHook] c.c.socketio.SocketIOServer              : SocketIO server stopped
2026-02-05T02:56:24.969Z  INFO 24832 --- [auth-service] [SpringApplicationShutdownHook] c.a.a.config.SocketServerRunner          : 🛑 Servidor Socket.IO desligado.
2026-02-05T02:56:24.969Z  INFO 24832 --- [auth-service] [SpringApplicationShutdownHook] j.LocalContainerEntityManagerFactoryBean : Closing JPA EntityManagerFactory for persistence unit 'default'
2026-02-05T02:56:24.971Z  INFO 24832 --- [auth-service] [SpringApplicationShutdownHook] com.zaxxer.hikari.HikariDataSource       : HikariPool-1 - Shutdown initiated...
2026-02-05T02:56:24.975Z  INFO 24832 --- [auth-service] [SpringApplicationShutdownHook] com.zaxxer.hikari.HikariDataSource       : HikariPool-1 - Shutdown completed.
2026-02-05T14:26:27.514Z  INFO 38660 --- [auth-service] [main] c.a.authService.AuthServiceApplication   : Starting AuthServiceApplication using Java 21.0.8 with PID 38660 (D:\Exemplo projecto\microserviços\auth-service\target\classes started by User in D:\Exemplo projecto\microserviços\auth-service)
2026-02-05T14:26:27.537Z  INFO 38660 --- [auth-service] [main] c.a.authService.AuthServiceApplication   : The following 1 profile is active: "local"
2026-02-05T14:26:30.079Z  INFO 38660 --- [auth-service] [main] .s.d.r.c.RepositoryConfigurationDelegate : Bootstrapping Spring Data JPA repositories in DEFAULT mode.
2026-02-05T14:26:30.193Z  INFO 38660 --- [auth-service] [main] .s.d.r.c.RepositoryConfigurationDelegate : Finished Spring Data repository scanning in 99 ms. Found 3 JPA repository interfaces.
2026-02-05T14:26:31.305Z  INFO 38660 --- [auth-service] [main] o.s.b.w.embedded.tomcat.TomcatWebServer  : Tomcat initialized with port 8081 (http)
2026-02-05T14:26:31.325Z  INFO 38660 --- [auth-service] [main] o.apache.catalina.core.StandardService   : Starting service [Tomcat]
2026-02-05T14:26:31.325Z  INFO 38660 --- [auth-service] [main] o.apache.catalina.core.StandardEngine    : Starting Servlet engine: [Apache Tomcat/10.1.48]
2026-02-05T14:26:31.406Z  INFO 38660 --- [auth-service] [main] o.a.c.c.C.[Tomcat].[localhost].[/]       : Initializing Spring embedded WebApplicationContext
2026-02-05T14:26:31.406Z  INFO 38660 --- [auth-service] [main] w.s.c.ServletWebServerApplicationContext : Root WebApplicationContext: initialization completed in 3818 ms
2026-02-05T14:26:31.600Z  INFO 38660 --- [auth-service] [main] com.zaxxer.hikari.HikariDataSource       : HikariPool-1 - Starting...
2026-02-05T14:26:31.778Z  INFO 38660 --- [auth-service] [main] com.zaxxer.hikari.pool.HikariPool        : HikariPool-1 - Added connection org.postgresql.jdbc.PgConnection@5896b9f5
2026-02-05T14:26:31.779Z  INFO 38660 --- [auth-service] [main] com.zaxxer.hikari.HikariDataSource       : HikariPool-1 - Start completed.
2026-02-05T14:26:32.298Z  INFO 38660 --- [auth-service] [main] o.s.o.j.p.SpringPersistenceUnitInfo      : No LoadTimeWeaver setup: ignoring JPA class transformer
2026-02-05T14:26:33.708Z  INFO 38660 --- [auth-service] [main] j.LocalContainerEntityManagerFactoryBean : Initialized JPA EntityManagerFactory for persistence unit 'default'
2026-02-05T14:26:33.796Z  INFO 38660 --- [auth-service] [main] c.c.socketio.SocketIOServer              : Session store / pubsub factory used: MemoryStoreFactory (local session store only)
2026-02-05T14:26:34.008Z  INFO 38660 --- [auth-service] [nioEventLoopGroup-2-1] c.c.socketio.SocketIOServer              : SocketIO server started at port: 9095
2026-02-05T14:26:34.008Z  INFO 38660 --- [auth-service] [main] c.a.a.config.SocketServerRunner          : ✅ Servidor Socket.IO iniciado com sucesso na porta 9095
2026-02-05T14:26:34.254Z  INFO 38660 --- [auth-service] [main] o.s.d.j.r.query.QueryEnhancerFactory     : Hibernate is in classpath; If applicable, HQL parser will be used.
2026-02-05T14:26:34.890Z  INFO 38660 --- [auth-service] [main] c.a.authService.security.JwtTokenUtil    : JwtTokenUtil inicializado com sucesso.
2026-02-05T14:26:35.274Z  INFO 38660 --- [auth-service] [main] c.a.authService.service.SocketService    : Configurando Listeners do Socket.IO...
2026-02-05T14:26:35.370Z  INFO 38660 --- [auth-service] [main] c.a.authService.socket.SocketHandler     : Tentando iniciar servidor Socket.IO na porta configurada...
2026-02-05T14:26:35.370Z  INFO 38660 --- [auth-service] [main] c.c.socketio.SocketIOServer              : Session store / pubsub factory used: MemoryStoreFactory (local session store only)
2026-02-05T14:26:35.437Z ERROR 38660 --- [auth-service] [nioEventLoopGroup-4-1] c.c.socketio.SocketIOServer              : SocketIO server start failed at port: 9095!
2026-02-05T14:26:35.437Z ERROR 38660 --- [auth-service] [main] c.a.authService.socket.SocketHandler     : ERRO CRÍTICO: Falha ao iniciar Socket.IO. Verifique se a porta 9095 já está em uso.
2026-02-05T14:26:35.437Z ERROR 38660 --- [auth-service] [main] c.a.authService.socket.SocketHandler     : Detalhes do erro: Address already in use: bind
2026-02-05T14:26:35.454Z  INFO 38660 --- [auth-service] [main] c.a.a.config.TelegramBotConfig           : 🤖 A tentar registar o bot com o token iniciado por: 8235446930...
2026-02-05T14:26:36.581Z  INFO 38660 --- [auth-service] [main] o.t.telegrambots.longpolling.BotSession  : Result when calling deleteWebhook: true
2026-02-05T14:26:36.582Z  INFO 38660 --- [auth-service] [main] c.a.a.config.TelegramBotConfig           : ✅ Bot do Telegram registado com sucesso!
2026-02-05T14:26:37.016Z  INFO 38660 --- [auth-service] [main] o.s.b.a.e.web.EndpointLinksResolver      : Exposing 5 endpoints beneath base path '/actuator'
2026-02-05T14:26:37.068Z  INFO 38660 --- [auth-service] [main] r$InitializeUserDetailsManagerConfigurer : Global AuthenticationManager configured with UserDetailsService bean with name customUserDetailsService
2026-02-05T14:26:37.220Z DEBUG 38660 --- [auth-service] [main] o.s.s.web.DefaultSecurityFilterChain     : Will secure any request with filters: DisableEncodeUrlFilter, WebAsyncManagerIntegrationFilter, SecurityContextHolderFilter, HeaderWriterFilter, CorsFilter, LogoutFilter, RequestCacheAwareFilter, SecurityContextHolderAwareRequestFilter, AnonymousAuthenticationFilter, SessionManagementFilter, ExceptionTranslationFilter, AuthorizationFilter
2026-02-05T14:26:37.806Z  INFO 38660 --- [auth-service] [main] o.s.b.w.embedded.tomcat.TomcatWebServer  : Tomcat started on port 8081 (http) with context path '/'
2026-02-05T14:26:37.819Z  INFO 38660 --- [auth-service] [main] c.a.authService.AuthServiceApplication   : Started AuthServiceApplication in 10.859 seconds (process running for 11.608)
2026-02-05T14:26:37.970Z  INFO 38660 --- [auth-service] [RMI TCP Connection(2)-172.29.128.1] o.s.a.r.c.CachingConnectionFactory       : Attempting to connect to: [localhost:5672]
2026-02-05T14:26:37.977Z  INFO 38660 --- [auth-service] [RMI TCP Connection(5)-172.29.128.1] o.a.c.c.C.[Tomcat].[localhost].[/]       : Initializing Spring DispatcherServlet 'dispatcherServlet'
2026-02-05T14:26:38.046Z  INFO 38660 --- [auth-service] [RMI TCP Connection(2)-172.29.128.1] o.s.a.r.c.CachingConnectionFactory       : Created new connection: rabbitConnectionFactory#74889ebe:0/SimpleConnection@72fc3df4 [delegate=amqp://guest@127.0.0.1:5672/, localPort=52532]
2026-02-05T14:58:50.244Z  INFO 38660 --- [auth-service] [SpringApplicationShutdownHook] o.s.b.w.e.tomcat.GracefulShutdown        : Commencing graceful shutdown. Waiting for active requests to complete
2026-02-05T14:58:50.250Z  INFO 38660 --- [auth-service] [tomcat-shutdown] o.s.b.w.e.tomcat.GracefulShutdown        : Graceful shutdown complete
2026-02-05T14:58:50.270Z  INFO 38660 --- [auth-service] [SpringApplicationShutdownHook] c.a.authService.socket.SocketHandler     : Encerrando servidor Socket.IO...
2026-02-05T14:58:54.403Z  INFO 38660 --- [auth-service] [SpringApplicationShutdownHook] c.c.socketio.SocketIOServer              : SocketIO server stopped
2026-02-05T14:58:54.403Z  INFO 38660 --- [auth-service] [SpringApplicationShutdownHook] c.a.authService.socket.SocketHandler     : Servidor Socket.IO parado com sucesso.
2026-02-05T14:58:54.405Z  INFO 38660 --- [auth-service] [SpringApplicationShutdownHook] c.c.socketio.SocketIOServer              : SocketIO server stopped
2026-02-05T14:58:54.405Z  INFO 38660 --- [auth-service] [SpringApplicationShutdownHook] c.a.a.config.SocketServerRunner          : 🛑 Servidor Socket.IO desligado.
2026-02-05T14:58:54.405Z  INFO 38660 --- [auth-service] [SpringApplicationShutdownHook] j.LocalContainerEntityManagerFactoryBean : Closing JPA EntityManagerFactory for persistence unit 'default'
2026-02-05T14:58:54.407Z  INFO 38660 --- [auth-service] [SpringApplicationShutdownHook] com.zaxxer.hikari.HikariDataSource       : HikariPool-1 - Shutdown initiated...
2026-02-05T14:58:54.411Z  INFO 38660 --- [auth-service] [SpringApplicationShutdownHook] com.zaxxer.hikari.HikariDataSource       : HikariPool-1 - Shutdown completed.
